customer_zone_id,customer_city,customer_state,demand,customer_latitude,customer_longitude,avg_freight_value_x,avg_actual_distance_km_x,seller_center_id,seller_zip_code_prefix,seller_city,seller_state,historical_orders,seller_latitude,seller_longitude,avg_freight_value_y,avg_actual_distance_km_y,warehouse_capacity,capacity_utilization_if_proportional,distance_km,cost_per_km_per_order,transportation_cost
sao_paulo_SP,sao paulo,SP,17359,-23.57198126314417,-46.63387579716769,14.275695604585517,217.0200840649138,FC_14940_ibitinga_SP,14940,ibitinga,SP,7595,-21.75732063771276,-48.82974353343716,17.77237788018433,539.5559178849824,17934,0.42349726775956287,302.44740681751847,1.0,5250184.534945304
sao_paulo_SP,sao paulo,SP,17359,-23.57198126314417,-46.63387579716769,14.275695604585517,217.0200840649138,FC_5849_sao_paulo_SP,5849,sao paulo,SP,2004,-23.65236617784017,-46.75575337195746,13.733612774451098,600.1033323270341,4732,0.4234995773457312,15.300011876026396,1.0,265592.9061559422
sao_paulo_SP,sao paulo,SP,17359,-23.57198126314417,-46.63387579716769,14.275695604585517,217.0200840649138,FC_15025_sao_jose_do_rio_preto_SP,15025,sao jose do rio preto,SP,1998,-20.80670693101839,-49.389164535249215,18.31210710710711,691.0924322160539,4717,0.4235743057027772,418.3274580595904,1.0,7261746.34445643
sao_paulo_SP,sao paulo,SP,17359,-23.57198126314417,-46.63387579716769,14.275695604585517,217.0200840649138,FC_9015_santo_andre_SP,9015,santo andre,SP,1710,-23.659363636440848,-46.52318334052176,14.45021052631579,609.9358286132139,4037,0.4235818677235571,14.886073819668445,1.0,258407.35543562454
sao_paulo_SP,sao paulo,SP,17359,-23.57198126314417,-46.63387579716769,14.275695604585517,217.0200840649138,FC_13405_piracicaba_SP,13405,piracicaba,SP,1562,-22.708702100662567,-47.66470085247146,16.162823303457106,402.10211782744506,3688,0.4235357917570499,142.560240107491,1.0,2474703.2080259365
sao_paulo_SP,sao paulo,SP,17359,-23.57198126314417,-46.63387579716769,14.275695604585517,217.0200840649138,FC_4782_sao_paulo_SP,4782,sao paulo,SP,1485,-23.69101304628181,-46.703810106207634,16.803589225589224,488.1816857357616,3506,0.4235596120935539,15.031276304620468,1.0,260927.9253719067
sao_paulo_SP,sao paulo,SP,17359,-23.57198126314417,-46.63387579716769,14.275695604585517,217.0200840649138,FC_8577_itaquaquecetuba_SP,8577,itaquaquecetuba,SP,1441,-23.48611145466222,-46.36672076531711,37.76691880638445,547.6086022236634,3402,0.4235743680188125,28.86161710650826,1.0,501008.8113518769
sao_paulo_SP,sao paulo,SP,17359,-23.57198126314417,-46.63387579716769,14.275695604585517,217.0200840649138,FC_3204_sao_paulo_SP,3204,sao paulo,SP,1415,-23.59549859480055,-46.55972696351708,23.732226148409893,569.47353801252,3341,0.4235258904519605,7.996017015853918,1.0,138802.85937820817
sao_paulo_SP,sao paulo,SP,17359,-23.57198126314417,-46.63387579716769,14.275695604585517,217.0200840649138,FC_4160_sao_paulo_SP,4160,sao paulo,SP,1210,-23.62547545562188,-46.61200044104113,14.520239669421484,666.5871107099737,2857,0.42352117605880296,6.3522080313631735,1.0,110267.97921643333
sao_paulo_SP,sao paulo,SP,17359,-23.57198126314417,-46.63387579716769,14.275695604585517,217.0200840649138,FC_13232_campo_limpo_paulista_SP,13232,campo limpo paulista,SP,1177,-23.21174633273221,-46.762875138051314,19.43606627017842,508.7518574552949,2779,0.4235336451961137,42.164287108484075,1.0,731929.859916175
sao_paulo_SP,sao paulo,SP,17359,-23.57198126314417,-46.63387579716769,14.275695604585517,217.0200840649138,FC_3426_sao_paulo_SP,3426,sao paulo,SP,1152,-23.552336441109286,-46.53686856423848,17.834270833333335,622.6592477369251,2720,0.4235294117647059,10.12581443897704,1.0,175774.01284620244
sao_paulo_SP,sao paulo,SP,17359,-23.57198126314417,-46.63387579716769,14.275695604585517,217.0200840649138,FC_14840_guariba_SP,14840,guariba,SP,1147,-21.36350170979939,-48.22960077888057,17.43456843940715,610.5904937641259,2708,0.42355982274741505,295.27231883244707,1.0,5125632.182612449
rio_de_janeiro_RJ,rio de janeiro,RJ,7565,-22.923627372866665,-43.32121979612897,20.56969861202908,468.0312882506144,FC_14940_ibitinga_SP,14940,ibitinga,SP,7595,-21.75732063771276,-48.82974353343716,17.77237788018433,539.5559178849824,17934,0.42349726775956287,581.1537152448367,1.0,4396427.85582719
rio_de_janeiro_RJ,rio de janeiro,RJ,7565,-22.923627372866665,-43.32121979612897,20.56969861202908,468.0312882506144,FC_5849_sao_paulo_SP,5849,sao paulo,SP,2004,-23.65236617784017,-46.75575337195746,13.733612774451098,600.1033323270341,4732,0.4234995773457312,360.0147698731056,1.0,2723511.7340900437
rio_de_janeiro_RJ,rio de janeiro,RJ,7565,-22.923627372866665,-43.32121979612897,20.56969861202908,468.0312882506144,FC_15025_sao_jose_do_rio_preto_SP,15025,sao jose do rio preto,SP,1998,-20.80670693101839,-49.389164535249215,18.31210710710711,691.0924322160539,4717,0.4235743057027772,668.8810112446783,1.0,5060084.850065991
rio_de_janeiro_RJ,rio de janeiro,RJ,7565,-22.923627372866665,-43.32121979612897,20.56969861202908,468.0312882506144,FC_9015_santo_andre_SP,9015,santo andre,SP,1710,-23.659363636440848,-46.52318334052176,14.45021052631579,609.9358286132139,4037,0.4235818677235571,337.0943160154925,1.0,2550118.500657201
rio_de_janeiro_RJ,rio de janeiro,RJ,7565,-22.923627372866665,-43.32121979612897,20.56969861202908,468.0312882506144,FC_13405_piracicaba_SP,13405,piracicaba,SP,1562,-22.708702100662567,-47.66470085247146,16.162823303457106,402.10211782744506,3688,0.4235357917570499,445.806840691509,1.0,3372528.749831266
rio_de_janeiro_RJ,rio de janeiro,RJ,7565,-22.923627372866665,-43.32121979612897,20.56969861202908,468.0312882506144,FC_4782_sao_paulo_SP,4782,sao paulo,SP,1485,-23.69101304628181,-46.703810106207634,16.803589225589224,488.1816857357616,3506,0.4235596120935539,355.8048749880072,1.0,2691663.8792842748
rio_de_janeiro_RJ,rio de janeiro,RJ,7565,-22.923627372866665,-43.32121979612897,20.56969861202908,468.0312882506144,FC_8577_itaquaquecetuba_SP,8577,itaquaquecetuba,SP,1441,-23.48611145466222,-46.36672076531711,37.76691880638445,547.6086022236634,3402,0.4235743680188125,317.46313839755567,1.0,2401608.6419775086
rio_de_janeiro_RJ,rio de janeiro,RJ,7565,-22.923627372866665,-43.32121979612897,20.56969861202908,468.0312882506144,FC_3204_sao_paulo_SP,3204,sao paulo,SP,1415,-23.59549859480055,-46.55972696351708,23.732226148409893,569.47353801252,3341,0.4235258904519605,339.1588693626413,1.0,2565736.8467283817
rio_de_janeiro_RJ,rio de janeiro,RJ,7565,-22.923627372866665,-43.32121979612897,20.56969861202908,468.0312882506144,FC_4160_sao_paulo_SP,4160,sao paulo,SP,1210,-23.62547545562188,-46.61200044104113,14.520239669421484,666.5871107099737,2857,0.42352117605880296,345.0708318555459,1.0,2610460.842987205
rio_de_janeiro_RJ,rio de janeiro,RJ,7565,-22.923627372866665,-43.32121979612897,20.56969861202908,468.0312882506144,FC_13232_campo_limpo_paulista_SP,13232,campo limpo paulista,SP,1177,-23.21174633273221,-46.762875138051314,19.43606627017842,508.7518574552949,2779,0.4235336451961137,353.54123281684707,1.0,2674539.4262594483
rio_de_janeiro_RJ,rio de janeiro,RJ,7565,-22.923627372866665,-43.32121979612897,20.56969861202908,468.0312882506144,FC_3426_sao_paulo_SP,3426,sao paulo,SP,1152,-23.552336441109286,-46.53686856423848,17.834270833333335,622.6592477369251,2720,0.4235294117647059,335.9022508253506,1.0,2541100.527493777
rio_de_janeiro_RJ,rio de janeiro,RJ,7565,-22.923627372866665,-43.32121979612897,20.56969861202908,468.0312882506144,FC_14840_guariba_SP,14840,guariba,SP,1147,-21.36350170979939,-48.22960077888057,17.43456843940715,610.5904937641259,2708,0.42355982274741505,534.4253340997725,1.0,4042927.652464779
belo_horizonte_MG,belo horizonte,MG,3077,-19.90993560640339,-43.95637970582333,19.41549886252844,521.7092413952192,FC_14940_ibitinga_SP,14940,ibitinga,SP,7595,-21.75732063771276,-48.82974353343716,17.77237788018433,539.5559178849824,17934,0.42349726775956287,546.4891564431355,1.0,1681547.1343755277
belo_horizonte_MG,belo horizonte,MG,3077,-19.90993560640339,-43.95637970582333,19.41549886252844,521.7092413952192,FC_5849_sao_paulo_SP,5849,sao paulo,SP,2004,-23.65236617784017,-46.75575337195746,13.733612774451098,600.1033323270341,4732,0.4234995773457312,506.633602771316,1.0,1558911.5957273394
belo_horizonte_MG,belo horizonte,MG,3077,-19.90993560640339,-43.95637970582333,19.41549886252844,521.7092413952192,FC_15025_sao_jose_do_rio_preto_SP,15025,sao jose do rio preto,SP,1998,-20.80670693101839,-49.389164535249215,18.31210710710711,691.0924322160539,4717,0.4235743057027772,575.0412115187713,1.0,1769401.8078432593
belo_horizonte_MG,belo horizonte,MG,3077,-19.90993560640339,-43.95637970582333,19.41549886252844,521.7092413952192,FC_9015_santo_andre_SP,9015,santo andre,SP,1710,-23.659363636440848,-46.52318334052176,14.45021052631579,609.9358286132139,4037,0.4235818677235571,493.9875611347622,1.0,1519999.7256116632
belo_horizonte_MG,belo horizonte,MG,3077,-19.90993560640339,-43.95637970582333,19.41549886252844,521.7092413952192,FC_13405_piracicaba_SP,13405,piracicaba,SP,1562,-22.708702100662567,-47.66470085247146,16.162823303457106,402.10211782744506,3688,0.4235357917570499,494.3445327344638,1.0,1521098.1272239452
belo_horizonte_MG,belo horizonte,MG,3077,-19.90993560640339,-43.95637970582333,19.41549886252844,521.7092413952192,FC_4782_sao_paulo_SP,4782,sao paulo,SP,1485,-23.69101304628181,-46.703810106207634,16.803589225589224,488.1816857357616,3506,0.4235596120935539,507.1291164580072,1.0,1560436.2913412882
belo_horizonte_MG,belo horizonte,MG,3077,-19.90993560640339,-43.95637970582333,19.41549886252844,521.7092413952192,FC_8577_itaquaquecetuba_SP,8577,itaquaquecetuba,SP,1441,-23.48611145466222,-46.36672076531711,37.76691880638445,547.6086022236634,3402,0.4235743680188125,469.160195167229,1.0,1443605.9205295637
belo_horizonte_MG,belo horizonte,MG,3077,-19.90993560640339,-43.95637970582333,19.41549886252844,521.7092413952192,FC_3204_sao_paulo_SP,3204,sao paulo,SP,1415,-23.59549859480055,-46.55972696351708,23.732226148409893,569.47353801252,3341,0.4235258904519605,490.1013540111057,1.0,1508041.866292172
belo_horizonte_MG,belo horizonte,MG,3077,-19.90993560640339,-43.95637970582333,19.41549886252844,521.7092413952192,FC_4160_sao_paulo_SP,4160,sao paulo,SP,1210,-23.62547545562188,-46.61200044104113,14.520239669421484,666.5871107099737,2857,0.42352117605880296,495.8393801334851,1.0,1525697.7726707337
belo_horizonte_MG,belo horizonte,MG,3077,-19.90993560640339,-43.95637970582333,19.41549886252844,521.7092413952192,FC_13232_campo_limpo_paulista_SP,13232,campo limpo paulista,SP,1177,-23.21174633273221,-46.762875138051314,19.43606627017842,508.7518574552949,2779,0.4235336451961137,467.9671488952382,1.0,1439934.917150648
belo_horizonte_MG,belo horizonte,MG,3077,-19.90993560640339,-43.95637970582333,19.41549886252844,521.7092413952192,FC_3426_sao_paulo_SP,3426,sao paulo,SP,1152,-23.552336441109286,-46.53686856423848,17.834270833333335,622.6592477369251,2720,0.4235294117647059,484.81713031448663,1.0,1491782.3099776753
belo_horizonte_MG,belo horizonte,MG,3077,-19.90993560640339,-43.95637970582333,19.41549886252844,521.7092413952192,FC_14840_guariba_SP,14840,guariba,SP,1147,-21.36350170979939,-48.22960077888057,17.43456843940715,610.5904937641259,2708,0.42355982274741505,473.10679102481043,1.0,1455749.5959833418
brasilia_DF,brasilia,DF,2157,-15.810744714659329,-47.96951753384199,21.1087899860918,830.6771755107036,FC_14940_ibitinga_SP,14940,ibitinga,SP,7595,-21.75732063771276,-48.82974353343716,17.77237788018433,539.5559178849824,17934,0.42349726775956287,667.3939923087582,1.0,1439568.8414099915
brasilia_DF,brasilia,DF,2157,-15.810744714659329,-47.96951753384199,21.1087899860918,830.6771755107036,FC_5849_sao_paulo_SP,5849,sao paulo,SP,2004,-23.65236617784017,-46.75575337195746,13.733612774451098,600.1033323270341,4732,0.4234995773457312,881.1347051020613,1.0,1900607.558905146
brasilia_DF,brasilia,DF,2157,-15.810744714659329,-47.96951753384199,21.1087899860918,830.6771755107036,FC_15025_sao_jose_do_rio_preto_SP,15025,sao jose do rio preto,SP,1998,-20.80670693101839,-49.389164535249215,18.31210710710711,691.0924322160539,4717,0.4235743057027772,575.3691616366855,1.0,1241071.2816503306
brasilia_DF,brasilia,DF,2157,-15.810744714659329,-47.96951753384199,21.1087899860918,830.6771755107036,FC_9015_santo_andre_SP,9015,santo andre,SP,1710,-23.659363636440848,-46.52318334052176,14.45021052631579,609.9358286132139,4037,0.4235818677235571,885.7298888046512,1.0,1910519.3701516327
brasilia_DF,brasilia,DF,2157,-15.810744714659329,-47.96951753384199,21.1087899860918,830.6771755107036,FC_13405_piracicaba_SP,13405,piracicaba,SP,1562,-22.708702100662567,-47.66470085247146,16.162823303457106,402.10211782744506,3688,0.4235357917570499,767.6838744952022,1.0,1655894.117286151
brasilia_DF,brasilia,DF,2157,-15.810744714659329,-47.96951753384199,21.1087899860918,830.6771755107036,FC_4782_sao_paulo_SP,4782,sao paulo,SP,1485,-23.69101304628181,-46.703810106207634,16.803589225589224,488.1816857357616,3506,0.4235596120935539,886.17952826786,1.0,1911489.242473774
brasilia_DF,brasilia,DF,2157,-15.810744714659329,-47.96951753384199,21.1087899860918,830.6771755107036,FC_8577_itaquaquecetuba_SP,8577,itaquaquecetuba,SP,1441,-23.48611145466222,-46.36672076531711,37.76691880638445,547.6086022236634,3402,0.4235743680188125,869.7762758922072,1.0,1876107.427099491
brasilia_DF,brasilia,DF,2157,-15.810744714659329,-47.96951753384199,21.1087899860918,830.6771755107036,FC_3204_sao_paulo_SP,3204,sao paulo,SP,1415,-23.59549859480055,-46.55972696351708,23.732226148409893,569.47353801252,3341,0.4235258904519605,878.0895259288063,1.0,1894039.1074284352
brasilia_DF,brasilia,DF,2157,-15.810744714659329,-47.96951753384199,21.1087899860918,830.6771755107036,FC_4160_sao_paulo_SP,4160,sao paulo,SP,1210,-23.62547545562188,-46.61200044104113,14.520239669421484,666.5871107099737,2857,0.42352117605880296,880.475467632816,1.0,1899185.5836839841
brasilia_DF,brasilia,DF,2157,-15.810744714659329,-47.96951753384199,21.1087899860918,830.6771755107036,FC_13232_campo_limpo_paulista_SP,13232,campo limpo paulista,SP,1177,-23.21174633273221,-46.762875138051314,19.43606627017842,508.7518574552949,2779,0.4235336451961137,832.5961868500747,1.0,1795909.975035611
brasilia_DF,brasilia,DF,2157,-15.810744714659329,-47.96951753384199,21.1087899860918,830.6771755107036,FC_3426_sao_paulo_SP,3426,sao paulo,SP,1152,-23.552336441109286,-46.53686856423848,17.834270833333335,622.6592477369251,2720,0.4235294117647059,873.7690728322816,1.0,1884719.8900992314
brasilia_DF,brasilia,DF,2157,-15.810744714659329,-47.96951753384199,21.1087899860918,830.6771755107036,FC_14840_guariba_SP,14840,guariba,SP,1147,-21.36350170979939,-48.22960077888057,17.43456843940715,610.5904937641259,2708,0.42355982274741505,618.0459425515801,1.0,1333125.0980837583
curitiba_PR,curitiba,PR,1723,-25.45186172903912,-49.27471806196476,18.79210098665119,404.23519691531374,FC_14940_ibitinga_SP,14940,ibitinga,SP,7595,-21.75732063771276,-48.82974353343716,17.77237788018433,539.5559178849824,17934,0.42349726775956287,413.30719149224495,1.0,712128.290941138
curitiba_PR,curitiba,PR,1723,-25.45186172903912,-49.27471806196476,18.79210098665119,404.23519691531374,FC_5849_sao_paulo_SP,5849,sao paulo,SP,2004,-23.65236617784017,-46.75575337195746,13.733612774451098,600.1033323270341,4732,0.4234995773457312,323.93767901840636,1.0,558144.6209487142
curitiba_PR,curitiba,PR,1723,-25.45186172903912,-49.27471806196476,18.79210098665119,404.23519691531374,FC_15025_sao_jose_do_rio_preto_SP,15025,sao jose do rio preto,SP,1998,-20.80670693101839,-49.389164535249215,18.31210710710711,691.0924322160539,4717,0.4235743057027772,516.6500973943243,1.0,890188.1178104208
curitiba_PR,curitiba,PR,1723,-25.45186172903912,-49.27471806196476,18.79210098665119,404.23519691531374,FC_9015_santo_andre_SP,9015,santo andre,SP,1710,-23.659363636440848,-46.52318334052176,14.45021052631579,609.9358286132139,4037,0.4235818677235571,342.2821956405307,1.0,589752.2230886344
curitiba_PR,curitiba,PR,1723,-25.45186172903912,-49.27471806196476,18.79210098665119,404.23519691531374,FC_13405_piracicaba_SP,13405,piracicaba,SP,1562,-22.708702100662567,-47.66470085247146,16.162823303457106,402.10211782744506,3688,0.4235357917570499,346.0442820534319,1.0,596234.2979780632
curitiba_PR,curitiba,PR,1723,-25.45186172903912,-49.27471806196476,18.79210098665119,404.23519691531374,FC_4782_sao_paulo_SP,4782,sao paulo,SP,1485,-23.69101304628181,-46.703810106207634,16.803589225589224,488.1816857357616,3506,0.4235596120935539,325.45028709257497,1.0,560750.8446605067
curitiba_PR,curitiba,PR,1723,-25.45186172903912,-49.27471806196476,18.79210098665119,404.23519691531374,FC_8577_itaquaquecetuba_SP,8577,itaquaquecetuba,SP,1441,-23.48611145466222,-46.36672076531711,37.76691880638445,547.6086022236634,3402,0.4235743680188125,366.5799011304258,1.0,631617.1696477237
curitiba_PR,curitiba,PR,1723,-25.45186172903912,-49.27471806196476,18.79210098665119,404.23519691531374,FC_3204_sao_paulo_SP,3204,sao paulo,SP,1415,-23.59549859480055,-46.55972696351708,23.732226148409893,569.47353801252,3341,0.4235258904519605,343.5594327035774,1.0,591952.9025482638
curitiba_PR,curitiba,PR,1723,-25.45186172903912,-49.27471806196476,18.79210098665119,404.23519691531374,FC_4160_sao_paulo_SP,4160,sao paulo,SP,1210,-23.62547545562188,-46.61200044104113,14.520239669421484,666.5871107099737,2857,0.42352117605880296,337.30512955501496,1.0,581176.7382232908
curitiba_PR,curitiba,PR,1723,-25.45186172903912,-49.27471806196476,18.79210098665119,404.23519691531374,FC_13232_campo_limpo_paulista_SP,13232,campo limpo paulista,SP,1177,-23.21174633273221,-46.762875138051314,19.43606627017842,508.7518574552949,2779,0.4235336451961137,356.0872788418508,1.0,613538.3814445089
curitiba_PR,curitiba,PR,1723,-25.45186172903912,-49.27471806196476,18.79210098665119,404.23519691531374,FC_3426_sao_paulo_SP,3426,sao paulo,SP,1152,-23.552336441109286,-46.53686856423848,17.834270833333335,622.6592477369251,2720,0.4235294117647059,348.33704325668504,1.0,600184.7255312683
curitiba_PR,curitiba,PR,1723,-25.45186172903912,-49.27471806196476,18.79210098665119,404.23519691531374,FC_14840_guariba_SP,14840,guariba,SP,1147,-21.36350170979939,-48.22960077888057,17.43456843940715,610.5904937641259,2708,0.42355982274741505,466.93869404284595,1.0,804535.3698358235
campinas_SP,campinas,SP,1622,-22.90210628071424,-47.07480196598523,14.954969173859432,228.56315040129195,FC_14940_ibitinga_SP,14940,ibitinga,SP,7595,-21.75732063771276,-48.82974353343716,17.77237788018433,539.5559178849824,17934,0.42349726775956287,220.87288078670503,1.0,358255.81263603555
campinas_SP,campinas,SP,1622,-22.90210628071424,-47.07480196598523,14.954969173859432,228.56315040129195,FC_5849_sao_paulo_SP,5849,sao paulo,SP,2004,-23.65236617784017,-46.75575337195746,13.733612774451098,600.1033323270341,4732,0.4234995773457312,89.56427645017166,1.0,145273.25640217843
campinas_SP,campinas,SP,1622,-22.90210628071424,-47.07480196598523,14.954969173859432,228.56315040129195,FC_15025_sao_jose_do_rio_preto_SP,15025,sao jose do rio preto,SP,1998,-20.80670693101839,-49.389164535249215,18.31210710710711,691.0924322160539,4717,0.4235743057027772,333.657169220493,1.0,541191.9284756397
campinas_SP,campinas,SP,1622,-22.90210628071424,-47.07480196598523,14.954969173859432,228.56315040129195,FC_9015_santo_andre_SP,9015,santo andre,SP,1710,-23.659363636440848,-46.52318334052176,14.45021052631579,609.9358286132139,4037,0.4235818677235571,101.31456705934363,1.0,164332.22777025535
campinas_SP,campinas,SP,1622,-22.90210628071424,-47.07480196598523,14.954969173859432,228.56315040129195,FC_13405_piracicaba_SP,13405,piracicaba,SP,1562,-22.708702100662567,-47.66470085247146,16.162823303457106,402.10211782744506,3688,0.4235357917570499,64.17651759260667,1.0,104094.31153520802
campinas_SP,campinas,SP,1622,-22.90210628071424,-47.07480196598523,14.954969173859432,228.56315040129195,FC_4782_sao_paulo_SP,4782,sao paulo,SP,1485,-23.69101304628181,-46.703810106207634,16.803589225589224,488.1816857357616,3506,0.4235596120935539,95.55507938973953,1.0,154990.3387701575
campinas_SP,campinas,SP,1622,-22.90210628071424,-47.07480196598523,14.954969173859432,228.56315040129195,FC_8577_itaquaquecetuba_SP,8577,itaquaquecetuba,SP,1441,-23.48611145466222,-46.36672076531711,37.76691880638445,547.6086022236634,3402,0.4235743680188125,97.23439806247491,1.0,157714.1936573343
campinas_SP,campinas,SP,1622,-22.90210628071424,-47.07480196598523,14.954969173859432,228.56315040129195,FC_3204_sao_paulo_SP,3204,sao paulo,SP,1415,-23.59549859480055,-46.55972696351708,23.732226148409893,569.47353801252,3341,0.4235258904519605,93.34776555942805,1.0,151410.0757373923
campinas_SP,campinas,SP,1622,-22.90210628071424,-47.07480196598523,14.954969173859432,228.56315040129195,FC_4160_sao_paulo_SP,4160,sao paulo,SP,1210,-23.62547545562188,-46.61200044104113,14.520239669421484,666.5871107099737,2857,0.42352117605880296,93.29989858063409,1.0,151332.4354977885
campinas_SP,campinas,SP,1622,-22.90210628071424,-47.07480196598523,14.954969173859432,228.56315040129195,FC_13232_campo_limpo_paulista_SP,13232,campo limpo paulista,SP,1177,-23.21174633273221,-46.762875138051314,19.43606627017842,508.7518574552949,2779,0.4235336451961137,46.94622194663653,1.0,76146.77199744445
campinas_SP,campinas,SP,1622,-22.90210628071424,-47.07480196598523,14.954969173859432,228.56315040129195,FC_3426_sao_paulo_SP,3426,sao paulo,SP,1152,-23.552336441109286,-46.53686856423848,17.834270833333335,622.6592477369251,2720,0.4235294117647059,90.82385610444246,1.0,147316.29460140565
campinas_SP,campinas,SP,1622,-22.90210628071424,-47.07480196598523,14.954969173859432,228.56315040129195,FC_14840_guariba_SP,14840,guariba,SP,1147,-21.36350170979939,-48.22960077888057,17.43456843940715,610.5904937641259,2708,0.42355982274741505,208.36709685167293,1.0,337971.4310934135
porto_alegre_RS,porto alegre,RS,1567,-30.04983555249993,-51.186021910758456,20.671914486279515,877.1070016757509,FC_14940_ibitinga_SP,14940,ibitinga,SP,7595,-21.75732063771276,-48.82974353343716,17.77237788018433,539.5559178849824,17934,0.42349726775956287,951.6411515719044,1.0,1491221.6845131742
porto_alegre_RS,porto alegre,RS,1567,-30.04983555249993,-51.186021910758456,20.671914486279515,877.1070016757509,FC_5849_sao_paulo_SP,5849,sao paulo,SP,2004,-23.65236617784017,-46.75575337195746,13.733612774451098,600.1033323270341,4732,0.4234995773457312,835.9642729456118,1.0,1309956.0157057736
porto_alegre_RS,porto alegre,RS,1567,-30.04983555249993,-51.186021910758456,20.671914486279515,877.1070016757509,FC_15025_sao_jose_do_rio_preto_SP,15025,sao jose do rio preto,SP,1998,-20.80670693101839,-49.389164535249215,18.31210710710711,691.0924322160539,4717,0.4235743057027772,1043.4517938971321,1.0,1635088.961036806
porto_alegre_RS,porto alegre,RS,1567,-30.04983555249993,-51.186021910758456,20.671914486279515,877.1070016757509,FC_9015_santo_andre_SP,9015,santo andre,SP,1710,-23.659363636440848,-46.52318334052176,14.45021052631579,609.9358286132139,4037,0.4235818677235571,847.6368211158124,1.0,1328246.898688478
porto_alegre_RS,porto alegre,RS,1567,-30.04983555249993,-51.186021910758456,20.671914486279515,877.1070016757509,FC_13405_piracicaba_SP,13405,piracicaba,SP,1562,-22.708702100662567,-47.66470085247146,16.162823303457106,402.10211782744506,3688,0.4235357917570499,888.3061265290754,1.0,1391975.7002710612
porto_alegre_RS,porto alegre,RS,1567,-30.04983555249993,-51.186021910758456,20.671914486279515,877.1070016757509,FC_4782_sao_paulo_SP,4782,sao paulo,SP,1485,-23.69101304628181,-46.703810106207634,16.803589225589224,488.1816857357616,3506,0.4235596120935539,834.99962764543,1.0,1308444.4165203888
porto_alegre_RS,porto alegre,RS,1567,-30.04983555249993,-51.186021910758456,20.671914486279515,877.1070016757509,FC_8577_itaquaquecetuba_SP,8577,itaquaquecetuba,SP,1441,-23.48611145466222,-46.36672076531711,37.76691880638445,547.6086022236634,3402,0.4235743680188125,872.4308739606407,1.0,1367099.179496324
porto_alegre_RS,porto alegre,RS,1567,-30.04983555249993,-51.186021910758456,20.671914486279515,877.1070016757509,FC_3204_sao_paulo_SP,3204,sao paulo,SP,1415,-23.59549859480055,-46.55972696351708,23.732226148409893,569.47353801252,3341,0.4235258904519605,851.709205620219,1.0,1334628.3252068833
porto_alegre_RS,porto alegre,RS,1567,-30.04983555249993,-51.186021910758456,20.671914486279515,877.1070016757509,FC_4160_sao_paulo_SP,4160,sao paulo,SP,1210,-23.62547545562188,-46.61200044104113,14.520239669421484,666.5871107099737,2857,0.42352117605880296,846.0841173252269,1.0,1325813.8118486304
porto_alegre_RS,porto alegre,RS,1567,-30.04983555249993,-51.186021910758456,20.671914486279515,877.1070016757509,FC_13232_campo_limpo_paulista_SP,13232,campo limpo paulista,SP,1177,-23.21174633273221,-46.762875138051314,19.43606627017842,508.7518574552949,2779,0.4235336451961137,878.0790487702161,1.0,1375949.8694229287
porto_alegre_RS,porto alegre,RS,1567,-30.04983555249993,-51.186021910758456,20.671914486279515,877.1070016757509,FC_3426_sao_paulo_SP,3426,sao paulo,SP,1152,-23.552336441109286,-46.53686856423848,17.834270833333335,622.6592477369251,2720,0.4235294117647059,857.0180040619497,1.0,1342947.2123650752
porto_alegre_RS,porto alegre,RS,1567,-30.04983555249993,-51.186021910758456,20.671914486279515,877.1070016757509,FC_14840_guariba_SP,14840,guariba,SP,1147,-21.36350170979939,-48.22960077888057,17.43456843940715,610.5904937641259,2708,0.42355982274741505,1010.1307176103425,1.0,1582874.8344954066
salvador_BA,salvador,BA,1349,-12.959523034948807,-38.45821835564978,25.378613787991103,1402.125960689663,FC_14940_ibitinga_SP,14940,ibitinga,SP,7595,-21.75732063771276,-48.82974353343716,17.77237788018433,539.5559178849824,17934,0.42349726775956287,1471.4819799638683,1.0,1985029.1909712583
salvador_BA,salvador,BA,1349,-12.959523034948807,-38.45821835564978,25.378613787991103,1402.125960689663,FC_5849_sao_paulo_SP,5849,sao paulo,SP,2004,-23.65236617784017,-46.75575337195746,13.733612774451098,600.1033323270341,4732,0.4234995773457312,1475.76842070842,1.0,1990811.5995356587
salvador_BA,salvador,BA,1349,-12.959523034948807,-38.45821835564978,25.378613787991103,1402.125960689663,FC_15025_sao_jose_do_rio_preto_SP,15025,sao jose do rio preto,SP,1998,-20.80670693101839,-49.389164535249215,18.31210710710711,691.0924322160539,4717,0.4235743057027772,1452.9536927335246,1.0,1960034.5314975246
salvador_BA,salvador,BA,1349,-12.959523034948807,-38.45821835564978,25.378613787991103,1402.125960689663,FC_9015_santo_andre_SP,9015,santo andre,SP,1710,-23.659363636440848,-46.52318334052176,14.45021052631579,609.9358286132139,4037,0.4235818677235571,1462.011805420587,1.0,1972253.9255123718
salvador_BA,salvador,BA,1349,-12.959523034948807,-38.45821835564978,25.378613787991103,1402.125960689663,FC_13405_piracicaba_SP,13405,piracicaba,SP,1562,-22.708702100662567,-47.66470085247146,16.162823303457106,402.10211782744506,3688,0.4235357917570499,1456.5980274966073,1.0,1964950.7390929232
salvador_BA,salvador,BA,1349,-12.959523034948807,-38.45821835564978,25.378613787991103,1402.125960689663,FC_4782_sao_paulo_SP,4782,sao paulo,SP,1485,-23.69101304628181,-46.703810106207634,16.803589225589224,488.1816857357616,3506,0.4235596120935539,1475.9410616846258,1.0,1991044.4922125603
salvador_BA,salvador,BA,1349,-12.959523034948807,-38.45821835564978,25.378613787991103,1402.125960689663,FC_8577_itaquaquecetuba_SP,8577,itaquaquecetuba,SP,1441,-23.48611145466222,-46.36672076531711,37.76691880638445,547.6086022236634,3402,0.4235743680188125,1437.0319275863135,1.0,1938556.0703139368
salvador_BA,salvador,BA,1349,-12.959523034948807,-38.45821835564978,25.378613787991103,1402.125960689663,FC_3204_sao_paulo_SP,3204,sao paulo,SP,1415,-23.59549859480055,-46.55972696351708,23.732226148409893,569.47353801252,3341,0.4235258904519605,1458.5924850892773,1.0,1967641.262385435
salvador_BA,salvador,BA,1349,-12.959523034948807,-38.45821835564978,25.378613787991103,1402.125960689663,FC_4160_sao_paulo_SP,4160,sao paulo,SP,1210,-23.62547545562188,-46.61200044104113,14.520239669421484,666.5871107099737,2857,0.42352117605880296,1464.471222006752,1.0,1975571.6784871083
salvador_BA,salvador,BA,1349,-12.959523034948807,-38.45821835564978,25.378613787991103,1402.125960689663,FC_13232_campo_limpo_paulista_SP,13232,campo limpo paulista,SP,1177,-23.21174633273221,-46.762875138051314,19.43606627017842,508.7518574552949,2779,0.4235336451961137,1437.809105994265,1.0,1939604.4839862636
salvador_BA,salvador,BA,1349,-12.959523034948807,-38.45821835564978,25.378613787991103,1402.125960689663,FC_3426_sao_paulo_SP,3426,sao paulo,SP,1152,-23.552336441109286,-46.53686856423848,17.834270833333335,622.6592477369251,2720,0.4235294117647059,1453.3621401614025,1.0,1960585.527077732
salvador_BA,salvador,BA,1349,-12.959523034948807,-38.45821835564978,25.378613787991103,1402.125960689663,FC_14840_guariba_SP,14840,guariba,SP,1147,-21.36350170979939,-48.22960077888057,17.43456843940715,610.5904937641259,2708,0.42355982274741505,1395.8139555884122,1.0,1882953.0260887682
guarulhos_SP,guarulhos,SP,1292,-23.44495243289397,-46.49858442326199,14.464798761609908,223.45122814342187,FC_14940_ibitinga_SP,14940,ibitinga,SP,7595,-21.75732063771276,-48.82974353343716,17.77237788018433,539.5559178849824,17934,0.42349726775956287,304.0966865198374,1.0,392892.91898362996
guarulhos_SP,guarulhos,SP,1292,-23.44495243289397,-46.49858442326199,14.464798761609908,223.45122814342187,FC_5849_sao_paulo_SP,5849,sao paulo,SP,2004,-23.65236617784017,-46.75575337195746,13.733612774451098,600.1033323270341,4732,0.4234995773457312,34.915818170167995,1.0,45111.23707585705
guarulhos_SP,guarulhos,SP,1292,-23.44495243289397,-46.49858442326199,14.464798761609908,223.45122814342187,FC_15025_sao_jose_do_rio_preto_SP,15025,sao jose do rio preto,SP,1998,-20.80670693101839,-49.389164535249215,18.31210710710711,691.0924322160539,4717,0.4235743057027772,417.95663120222565,1.0,539999.9675132756
guarulhos_SP,guarulhos,SP,1292,-23.44495243289397,-46.49858442326199,14.464798761609908,223.45122814342187,FC_9015_santo_andre_SP,9015,santo andre,SP,1710,-23.659363636440848,-46.52318334052176,14.45021052631579,609.9358286132139,4037,0.4235818677235571,23.972928455183386,1.0,30973.023564096933
guarulhos_SP,guarulhos,SP,1292,-23.44495243289397,-46.49858442326199,14.464798761609908,223.45122814342187,FC_13405_piracicaba_SP,13405,piracicaba,SP,1562,-22.708702100662567,-47.66470085247146,16.162823303457106,402.10211782744506,3688,0.4235357917570499,144.67918030819968,1.0,186925.500958194
guarulhos_SP,guarulhos,SP,1292,-23.44495243289397,-46.49858442326199,14.464798761609908,223.45122814342187,FC_4782_sao_paulo_SP,4782,sao paulo,SP,1485,-23.69101304628181,-46.703810106207634,16.803589225589224,488.1816857357616,3506,0.4235596120935539,34.43992417516367,1.0,44496.38203431146
guarulhos_SP,guarulhos,SP,1292,-23.44495243289397,-46.49858442326199,14.464798761609908,223.45122814342187,FC_8577_itaquaquecetuba_SP,8577,itaquaquecetuba,SP,1441,-23.48611145466222,-46.36672076531711,37.76691880638445,547.6086022236634,3402,0.4235743680188125,14.207310603117989,1.0,18355.84529922844
guarulhos_SP,guarulhos,SP,1292,-23.44495243289397,-46.49858442326199,14.464798761609908,223.45122814342187,FC_3204_sao_paulo_SP,3204,sao paulo,SP,1415,-23.59549859480055,-46.55972696351708,23.732226148409893,569.47353801252,3341,0.4235258904519605,17.863034424641352,1.0,23079.040476636626
guarulhos_SP,guarulhos,SP,1292,-23.44495243289397,-46.49858442326199,14.464798761609908,223.45122814342187,FC_4160_sao_paulo_SP,4160,sao paulo,SP,1210,-23.62547545562188,-46.61200044104113,14.520239669421484,666.5871107099737,2857,0.42352117605880296,23.165054363814647,1.0,29929.250238048524
guarulhos_SP,guarulhos,SP,1292,-23.44495243289397,-46.49858442326199,14.464798761609908,223.45122814342187,FC_13232_campo_limpo_paulista_SP,13232,campo limpo paulista,SP,1177,-23.21174633273221,-46.762875138051314,19.43606627017842,508.7518574552949,2779,0.4235336451961137,37.42514621998485,1.0,48353.28891622043
guarulhos_SP,guarulhos,SP,1292,-23.44495243289397,-46.49858442326199,14.464798761609908,223.45122814342187,FC_3426_sao_paulo_SP,3426,sao paulo,SP,1152,-23.552336441109286,-46.53686856423848,17.834270833333335,622.6592477369251,2720,0.4235294117647059,12.562557478226445,1.0,16230.824261868567
guarulhos_SP,guarulhos,SP,1292,-23.44495243289397,-46.49858442326199,14.464798761609908,223.45122814342187,FC_14840_guariba_SP,14840,guariba,SP,1147,-21.36350170979939,-48.22960077888057,17.43456843940715,610.5904937641259,2708,0.42355982274741505,291.9395568601781,1.0,377185.90746335004
sao_bernardo_do_campo_SP,sao bernardo do campo,SP,1037,-23.706925248117653,-46.5645913990011,13.702892960462874,205.92563326698797,FC_14940_ibitinga_SP,14940,ibitinga,SP,7595,-21.75732063771276,-48.82974353343716,17.77237788018433,539.5559178849824,17934,0.42349726775956287,317.7331846129252,1.0,329489.3124436034
sao_bernardo_do_campo_SP,sao bernardo do campo,SP,1037,-23.706925248117653,-46.5645913990011,13.702892960462874,205.92563326698797,FC_5849_sao_paulo_SP,5849,sao paulo,SP,2004,-23.65236617784017,-46.75575337195746,13.733612774451098,600.1033323270341,4732,0.4234995773457312,20.390006271371536,1.0,21144.436503412282
sao_bernardo_do_campo_SP,sao bernardo do campo,SP,1037,-23.706925248117653,-46.5645913990011,13.702892960462874,205.92563326698797,FC_15025_sao_jose_do_rio_preto_SP,15025,sao jose do rio preto,SP,1998,-20.80670693101839,-49.389164535249215,18.31210710710711,691.0924322160539,4717,0.4235743057027772,434.1239715386025,1.0,450186.5584855308
sao_bernardo_do_campo_SP,sao bernardo do campo,SP,1037,-23.706925248117653,-46.5645913990011,13.702892960462874,205.92563326698797,FC_9015_santo_andre_SP,9015,santo andre,SP,1710,-23.659363636440848,-46.52318334052176,14.45021052631579,609.9358286132139,4037,0.4235818677235571,6.76380251330932,1.0,7014.063206301765
sao_bernardo_do_campo_SP,sao bernardo do campo,SP,1037,-23.706925248117653,-46.5645913990011,13.702892960462874,205.92563326698797,FC_13405_piracicaba_SP,13405,piracicaba,SP,1562,-22.708702100662567,-47.66470085247146,16.162823303457106,402.10211782744506,3688,0.4235357917570499,157.9871424514028,1.0,163832.6667221047
sao_bernardo_do_campo_SP,sao bernardo do campo,SP,1037,-23.706925248117653,-46.5645913990011,13.702892960462874,205.92563326698797,FC_4782_sao_paulo_SP,4782,sao paulo,SP,1485,-23.69101304628181,-46.703810106207634,16.803589225589224,488.1816857357616,3506,0.4235596120935539,14.284948426328349,1.0,14813.491518102497
sao_bernardo_do_campo_SP,sao bernardo do campo,SP,1037,-23.706925248117653,-46.5645913990011,13.702892960462874,205.92563326698797,FC_8577_itaquaquecetuba_SP,8577,itaquaquecetuba,SP,1441,-23.48611145466222,-46.36672076531711,37.76691880638445,547.6086022236634,3402,0.4235743680188125,31.770982932460434,1.0,32946.50930096147
sao_bernardo_do_campo_SP,sao bernardo do campo,SP,1037,-23.706925248117653,-46.5645913990011,13.702892960462874,205.92563326698797,FC_3204_sao_paulo_SP,3204,sao paulo,SP,1415,-23.59549859480055,-46.55972696351708,23.732226148409893,569.47353801252,3341,0.4235258904519605,12.399981211457431,1.0,12858.780516281357
sao_bernardo_do_campo_SP,sao bernardo do campo,SP,1037,-23.706925248117653,-46.5645913990011,13.702892960462874,205.92563326698797,FC_4160_sao_paulo_SP,4160,sao paulo,SP,1210,-23.62547545562188,-46.61200044104113,14.520239669421484,666.5871107099737,2857,0.42352117605880296,10.263437098446717,1.0,10643.184271089245
sao_bernardo_do_campo_SP,sao bernardo do campo,SP,1037,-23.706925248117653,-46.5645913990011,13.702892960462874,205.92563326698797,FC_13232_campo_limpo_paulista_SP,13232,campo limpo paulista,SP,1177,-23.21174633273221,-46.762875138051314,19.43606627017842,508.7518574552949,2779,0.4235336451961137,58.65859838480181,1.0,60828.96652503948
sao_bernardo_do_campo_SP,sao bernardo do campo,SP,1037,-23.706925248117653,-46.5645913990011,13.702892960462874,205.92563326698797,FC_3426_sao_paulo_SP,3426,sao paulo,SP,1152,-23.552336441109286,-46.53686856423848,17.834270833333335,622.6592477369251,2720,0.4235294117647059,17.41994741443713,1.0,18064.4854687713
sao_bernardo_do_campo_SP,sao bernardo do campo,SP,1037,-23.706925248117653,-46.5645913990011,13.702892960462874,205.92563326698797,FC_14840_guariba_SP,14840,guariba,SP,1147,-21.36350170979939,-48.22960077888057,17.43456843940715,610.5904937641259,2708,0.42355982274741505,311.66675604932556,1.0,323198.4260231506
niteroi_RJ,niteroi,RJ,956,-22.895656455043287,-43.085011601320254,20.396223849372387,487.0010168915021,FC_14940_ibitinga_SP,14940,ibitinga,SP,7595,-21.75732063771276,-48.82974353343716,17.77237788018433,539.5559178849824,17934,0.42349726775956287,604.2538286381789,1.0,577666.6601780991
niteroi_RJ,niteroi,RJ,956,-22.895656455043287,-43.085011601320254,20.396223849372387,487.0010168915021,FC_5849_sao_paulo_SP,5849,sao paulo,SP,2004,-23.65236617784017,-46.75575337195746,13.733612774451098,600.1033323270341,4732,0.4234995773457312,384.26469241017173,1.0,367357.04594412417
niteroi_RJ,niteroi,RJ,956,-22.895656455043287,-43.085011601320254,20.396223849372387,487.0010168915021,FC_15025_sao_jose_do_rio_preto_SP,15025,sao jose do rio preto,SP,1998,-20.80670693101839,-49.389164535249215,18.31210710710711,691.0924322160539,4717,0.4235743057027772,690.7532944297513,1.0,660360.1494748422
niteroi_RJ,niteroi,RJ,956,-22.895656455043287,-43.085011601320254,20.396223849372387,487.0010168915021,FC_9015_santo_andre_SP,9015,santo andre,SP,1710,-23.659363636440848,-46.52318334052176,14.45021052631579,609.9358286132139,4037,0.4235818677235571,361.2975081931158,1.0,345400.4178326187
niteroi_RJ,niteroi,RJ,956,-22.895656455043287,-43.085011601320254,20.396223849372387,487.0010168915021,FC_13405_piracicaba_SP,13405,piracicaba,SP,1562,-22.708702100662567,-47.66470085247146,16.162823303457106,402.10211782744506,3688,0.4235357917570499,469.8814193745477,1.0,449206.6369220676
niteroi_RJ,niteroi,RJ,956,-22.895656455043287,-43.085011601320254,20.396223849372387,487.0010168915021,FC_4782_sao_paulo_SP,4782,sao paulo,SP,1485,-23.69101304628181,-46.703810106207634,16.803589225589224,488.1816857357616,3506,0.4235596120935539,380.0141965835919,1.0,363293.57193391386
niteroi_RJ,niteroi,RJ,956,-22.895656455043287,-43.085011601320254,20.396223849372387,487.0010168915021,FC_8577_itaquaquecetuba_SP,8577,itaquaquecetuba,SP,1441,-23.48611145466222,-46.36672076531711,37.76691880638445,547.6086022236634,3402,0.4235743680188125,341.7800515440142,1.0,326741.7292760776
niteroi_RJ,niteroi,RJ,956,-22.895656455043287,-43.085011601320254,20.396223849372387,487.0010168915021,FC_3204_sao_paulo_SP,3204,sao paulo,SP,1415,-23.59549859480055,-46.55972696351708,23.732226148409893,569.47353801252,3341,0.4235258904519605,363.42322477639624,1.0,347432.6028862348
niteroi_RJ,niteroi,RJ,956,-22.895656455043287,-43.085011601320254,20.396223849372387,487.0010168915021,FC_4160_sao_paulo_SP,4160,sao paulo,SP,1210,-23.62547545562188,-46.61200044104113,14.520239669421484,666.5871107099737,2857,0.42352117605880296,369.3195791001234,1.0,353069.517619718
niteroi_RJ,niteroi,RJ,956,-22.895656455043287,-43.085011601320254,20.396223849372387,487.0010168915021,FC_13232_campo_limpo_paulista_SP,13232,campo limpo paulista,SP,1177,-23.21174633273221,-46.762875138051314,19.43606627017842,508.7518574552949,2779,0.4235336451961137,377.9267994320256,1.0,361298.02025701647
niteroi_RJ,niteroi,RJ,956,-22.895656455043287,-43.085011601320254,20.396223849372387,487.0010168915021,FC_3426_sao_paulo_SP,3426,sao paulo,SP,1152,-23.552336441109286,-46.53686856423848,17.834270833333335,622.6592477369251,2720,0.4235294117647059,360.1951025994874,1.0,344346.51808511
niteroi_RJ,niteroi,RJ,956,-22.895656455043287,-43.085011601320254,20.396223849372387,487.0010168915021,FC_14840_guariba_SP,14840,guariba,SP,1147,-21.36350170979939,-48.22960077888057,17.43456843940715,610.5904937641259,2708,0.42355982274741505,556.5785211567388,1.0,532089.0662258423
santo_andre_SP,santo andre,SP,870,-23.661437311247447,-46.52183635666706,14.210436781609197,234.744383980797,FC_14940_ibitinga_SP,14940,ibitinga,SP,7595,-21.75732063771276,-48.82974353343716,17.77237788018433,539.5559178849824,17934,0.42349726775956287,317.5878921085469,1.0,276301.4661344358
santo_andre_SP,santo andre,SP,870,-23.661437311247447,-46.52183635666706,14.210436781609197,234.744383980797,FC_5849_sao_paulo_SP,5849,sao paulo,SP,2004,-23.65236617784017,-46.75575337195746,13.733612774451098,600.1033323270341,4732,0.4234995773457312,23.84593404055874,1.0,20745.962615286102
santo_andre_SP,santo andre,SP,870,-23.661437311247447,-46.52183635666706,14.210436781609197,234.744383980797,FC_15025_sao_jose_do_rio_preto_SP,15025,sao jose do rio preto,SP,1998,-20.80670693101839,-49.389164535249215,18.31210710710711,691.0924322160539,4717,0.4235743057027772,433.39630676633266,1.0,377054.7868867094
santo_andre_SP,santo andre,SP,870,-23.661437311247447,-46.52183635666706,14.210436781609197,234.744383980797,FC_9015_santo_andre_SP,9015,santo andre,SP,1710,-23.659363636440848,-46.52318334052176,14.45021052631579,609.9358286132139,4037,0.4235818677235571,0.2683067596762794,1.0,233.4268809183631
santo_andre_SP,santo andre,SP,870,-23.661437311247447,-46.52183635666706,14.210436781609197,234.744383980797,FC_13405_piracicaba_SP,13405,piracicaba,SP,1562,-22.708702100662567,-47.66470085247146,16.162823303457106,402.10211782744506,3688,0.4235357917570499,157.69874879236315,1.0,137197.91144935595
santo_andre_SP,santo andre,SP,870,-23.661437311247447,-46.52183635666706,14.210436781609197,234.744383980797,FC_4782_sao_paulo_SP,4782,sao paulo,SP,1485,-23.69101304628181,-46.703810106207634,16.803589225589224,488.1816857357616,3506,0.4235596120935539,18.820949014829583,1.0,16374.225642901738
santo_andre_SP,santo andre,SP,870,-23.661437311247447,-46.52183635666706,14.210436781609197,234.744383980797,FC_8577_itaquaquecetuba_SP,8577,itaquaquecetuba,SP,1441,-23.48611145466222,-46.36672076531711,37.76691880638445,547.6086022236634,3402,0.4235743680188125,25.099430670869058,1.0,21836.50468365608
santo_andre_SP,santo andre,SP,870,-23.661437311247447,-46.52183635666706,14.210436781609197,234.744383980797,FC_3204_sao_paulo_SP,3204,sao paulo,SP,1415,-23.59549859480055,-46.55972696351708,23.732226148409893,569.47353801252,3341,0.4235258904519605,8.286055984367316,1.0,7208.868706399565
santo_andre_SP,santo andre,SP,870,-23.661437311247447,-46.52183635666706,14.210436781609197,234.744383980797,FC_4160_sao_paulo_SP,4160,sao paulo,SP,1210,-23.62547545562188,-46.61200044104113,14.520239669421484,666.5871107099737,2857,0.42352117605880296,10.016983336657699,1.0,8714.775502892198
santo_andre_SP,santo andre,SP,870,-23.661437311247447,-46.52183635666706,14.210436781609197,234.744383980797,FC_13232_campo_limpo_paulista_SP,13232,campo limpo paulista,SP,1177,-23.21174633273221,-46.762875138051314,19.43606627017842,508.7518574552949,2779,0.4235336451961137,55.72300999737646,1.0,48479.01869771752
santo_andre_SP,santo andre,SP,870,-23.661437311247447,-46.52183635666706,14.210436781609197,234.744383980797,FC_3426_sao_paulo_SP,3426,sao paulo,SP,1152,-23.552336441109286,-46.53686856423848,17.834270833333335,622.6592477369251,2720,0.4235294117647059,12.227766498669956,1.0,10638.156853842862
santo_andre_SP,santo andre,SP,870,-23.661437311247447,-46.52183635666706,14.210436781609197,234.744383980797,FC_14840_guariba_SP,14840,guariba,SP,1147,-21.36350170979939,-48.22960077888057,17.43456843940715,610.5904937641259,2708,0.42355982274741505,309.93040666722686,1.0,269639.4538004874
osasco_SP,osasco,SP,830,-23.537098375926018,-46.78761478824816,13.990530120481926,214.1646219053788,FC_14940_ibitinga_SP,14940,ibitinga,SP,7595,-21.75732063771276,-48.82974353343716,17.77237788018433,539.5559178849824,17934,0.42349726775956287,288.2306211351821,1.0,239231.41554220114
osasco_SP,osasco,SP,830,-23.537098375926018,-46.78761478824816,13.990530120481926,214.1646219053788,FC_5849_sao_paulo_SP,5849,sao paulo,SP,2004,-23.65236617784017,-46.75575337195746,13.733612774451098,600.1033323270341,4732,0.4234995773457312,13.221996264301042,1.0,10974.256899369864
osasco_SP,osasco,SP,830,-23.537098375926018,-46.78761478824816,13.990530120481926,214.1646219053788,FC_15025_sao_jose_do_rio_preto_SP,15025,sao jose do rio preto,SP,1998,-20.80670693101839,-49.389164535249215,18.31210710710711,691.0924322160539,4717,0.4235743057027772,404.8686294093367,1.0,336040.96240974945
osasco_SP,osasco,SP,830,-23.537098375926018,-46.78761478824816,13.990530120481926,214.1646219053788,FC_9015_santo_andre_SP,9015,santo andre,SP,1710,-23.659363636440848,-46.52318334052176,14.45021052631579,609.9358286132139,4037,0.4235818677235571,30.18014367651885,1.0,25049.519251510646
osasco_SP,osasco,SP,830,-23.537098375926018,-46.78761478824816,13.990530120481926,214.1646219053788,FC_13405_piracicaba_SP,13405,piracicaba,SP,1562,-22.708702100662567,-47.66470085247146,16.162823303457106,402.10211782744506,3688,0.4235357917570499,128.56676567650737,1.0,106710.41551150112
osasco_SP,osasco,SP,830,-23.537098375926018,-46.78761478824816,13.990530120481926,214.1646219053788,FC_4782_sao_paulo_SP,4782,sao paulo,SP,1485,-23.69101304628181,-46.703810106207634,16.803589225589224,488.1816857357616,3506,0.4235596120935539,19.126174631555447,1.0,15874.72494419102
osasco_SP,osasco,SP,830,-23.537098375926018,-46.78761478824816,13.990530120481926,214.1646219053788,FC_8577_itaquaquecetuba_SP,8577,itaquaquecetuba,SP,1441,-23.48611145466222,-46.36672076531711,37.76691880638445,547.6086022236634,3402,0.4235743680188125,43.288657359431355,1.0,35929.58560832802
osasco_SP,osasco,SP,830,-23.537098375926018,-46.78761478824816,13.990530120481926,214.1646219053788,FC_3204_sao_paulo_SP,3204,sao paulo,SP,1415,-23.59549859480055,-46.55972696351708,23.732226148409893,569.47353801252,3341,0.4235258904519605,24.11727143269497,1.0,20017.335289136827
osasco_SP,osasco,SP,830,-23.537098375926018,-46.78761478824816,13.990530120481926,214.1646219053788,FC_4160_sao_paulo_SP,4160,sao paulo,SP,1210,-23.62547545562188,-46.61200044104113,14.520239669421484,666.5871107099737,2857,0.42352117605880296,20.417279594858577,1.0,16946.34206373262
osasco_SP,osasco,SP,830,-23.537098375926018,-46.78761478824816,13.990530120481926,214.1646219053788,FC_13232_campo_limpo_paulista_SP,13232,campo limpo paulista,SP,1177,-23.21174633273221,-46.762875138051314,19.43606627017842,508.7518574552949,2779,0.4235336451961137,36.26551621601004,1.0,30100.378459288335
osasco_SP,osasco,SP,830,-23.537098375926018,-46.78761478824816,13.990530120481926,214.1646219053788,FC_3426_sao_paulo_SP,3426,sao paulo,SP,1152,-23.552336441109286,-46.53686856423848,17.834270833333335,622.6592477369251,2720,0.4235294117647059,25.61661178889605,1.0,21261.787784783723
osasco_SP,osasco,SP,830,-23.537098375926018,-46.78761478824816,13.990530120481926,214.1646219053788,FC_14840_guariba_SP,14840,guariba,SP,1147,-21.36350170979939,-48.22960077888057,17.43456843940715,610.5904937641259,2708,0.42355982274741505,283.4985395235221,1.0,235303.78780452334
santos_SP,santos,SP,810,-23.96376663568108,-46.3272193832866,15.74541975308642,223.8529063156973,FC_14940_ibitinga_SP,14940,ibitinga,SP,7595,-21.75732063771276,-48.82974353343716,17.77237788018433,539.5559178849824,17934,0.42349726775956287,354.8619240236734,1.0,287438.15845917544
santos_SP,santos,SP,810,-23.96376663568108,-46.3272193832866,15.74541975308642,223.8529063156973,FC_5849_sao_paulo_SP,5849,sao paulo,SP,2004,-23.65236617784017,-46.75575337195746,13.733612774451098,600.1033323270341,4732,0.4234995773457312,55.67369462165938,1.0,45095.6926435441
santos_SP,santos,SP,810,-23.96376663568108,-46.3272193832866,15.74541975308642,223.8529063156973,FC_15025_sao_jose_do_rio_preto_SP,15025,sao jose do rio preto,SP,1998,-20.80670693101839,-49.389164535249215,18.31210710710711,691.0924322160539,4717,0.4235743057027772,471.49058211173946,1.0,381907.37151050894
santos_SP,santos,SP,810,-23.96376663568108,-46.3272193832866,15.74541975308642,223.8529063156973,FC_9015_santo_andre_SP,9015,santo andre,SP,1710,-23.659363636440848,-46.52318334052176,14.45021052631579,609.9358286132139,4037,0.4235818677235571,39.28243236667502,1.0,31818.770217006764
santos_SP,santos,SP,810,-23.96376663568108,-46.3272193832866,15.74541975308642,223.8529063156973,FC_13405_piracicaba_SP,13405,piracicaba,SP,1562,-22.708702100662567,-47.66470085247146,16.162823303457106,402.10211782744506,3688,0.4235357917570499,195.2488775482962,1.0,158151.59081411993
santos_SP,santos,SP,810,-23.96376663568108,-46.3272193832866,15.74541975308642,223.8529063156973,FC_4782_sao_paulo_SP,4782,sao paulo,SP,1485,-23.69101304628181,-46.703810106207634,16.803589225589224,488.1816857357616,3506,0.4235596120935539,48.85865988891194,1.0,39575.51451001867
santos_SP,santos,SP,810,-23.96376663568108,-46.3272193832866,15.74541975308642,223.8529063156973,FC_8577_itaquaquecetuba_SP,8577,itaquaquecetuba,SP,1441,-23.48611145466222,-46.36672076531711,37.76691880638445,547.6086022236634,3402,0.4235743680188125,53.2648333017952,1.0,43144.51497445411
santos_SP,santos,SP,810,-23.96376663568108,-46.3272193832866,15.74541975308642,223.8529063156973,FC_3204_sao_paulo_SP,3204,sao paulo,SP,1415,-23.59549859480055,-46.55972696351708,23.732226148409893,569.47353801252,3341,0.4235258904519605,47.292691840285116,1.0,38307.080390630945
santos_SP,santos,SP,810,-23.96376663568108,-46.3272193832866,15.74541975308642,223.8529063156973,FC_4160_sao_paulo_SP,4160,sao paulo,SP,1210,-23.62547545562188,-46.61200044104113,14.520239669421484,666.5871107099737,2857,0.42352117605880296,47.48158533856056,1.0,38460.084124234054
santos_SP,santos,SP,810,-23.96376663568108,-46.3272193832866,15.74541975308642,223.8529063156973,FC_13232_campo_limpo_paulista_SP,13232,campo limpo paulista,SP,1177,-23.21174633273221,-46.762875138051314,19.43606627017842,508.7518574552949,2779,0.4235336451961137,94.6748982235649,1.0,76686.66756108757
santos_SP,santos,SP,810,-23.96376663568108,-46.3272193832866,15.74541975308642,223.8529063156973,FC_3426_sao_paulo_SP,3426,sao paulo,SP,1152,-23.552336441109286,-46.53686856423848,17.834270833333335,622.6592477369251,2720,0.4235294117647059,50.47973106204261,1.0,40888.58216025451
santos_SP,santos,SP,810,-23.96376663568108,-46.3272193832866,15.74541975308642,223.8529063156973,FC_14840_guariba_SP,14840,guariba,SP,1147,-21.36350170979939,-48.22960077888057,17.43456843940715,610.5904937641259,2708,0.42355982274741505,348.84485957479546,1.0,282564.3362555843
goiania_GO,goiania,GO,781,-16.685975020219033,-49.27280419548432,21.401856594110114,774.843350997161,FC_14940_ibitinga_SP,14940,ibitinga,SP,7595,-21.75732063771276,-48.82974353343716,17.77237788018433,539.5559178849824,17934,0.42349726775956287,565.8217641594124,1.0,441906.79780850105
goiania_GO,goiania,GO,781,-16.685975020219033,-49.27280419548432,21.401856594110114,774.843350997161,FC_5849_sao_paulo_SP,5849,sao paulo,SP,2004,-23.65236617784017,-46.75575337195746,13.733612774451098,600.1033323270341,4732,0.4234995773457312,817.8928693513842,1.0,638774.330963431
goiania_GO,goiania,GO,781,-16.685975020219033,-49.27280419548432,21.401856594110114,774.843350997161,FC_15025_sao_jose_do_rio_preto_SP,15025,sao jose do rio preto,SP,1998,-20.80670693101839,-49.389164535249215,18.31210710710711,691.0924322160539,4717,0.4235743057027772,458.3681701091951,1.0,357985.54085528135
goiania_GO,goiania,GO,781,-16.685975020219033,-49.27280419548432,21.401856594110114,774.843350997161,FC_9015_santo_andre_SP,9015,santo andre,SP,1710,-23.659363636440848,-46.52318334052176,14.45021052631579,609.9358286132139,4037,0.4235818677235571,826.7232785232126,1.0,645670.880526629
goiania_GO,goiania,GO,781,-16.685975020219033,-49.27280419548432,21.401856594110114,774.843350997161,FC_13405_piracicaba_SP,13405,piracicaba,SP,1562,-22.708702100662567,-47.66470085247146,16.162823303457106,402.10211782744506,3688,0.4235357917570499,690.5063358358283,1.0,539285.4482877819
goiania_GO,goiania,GO,781,-16.685975020219033,-49.27280419548432,21.401856594110114,774.843350997161,FC_4782_sao_paulo_SP,4782,sao paulo,SP,1485,-23.69101304628181,-46.703810106207634,16.803589225589224,488.1816857357616,3506,0.4235596120935539,823.6981724939801,1.0,643308.2727177985
goiania_GO,goiania,GO,781,-16.685975020219033,-49.27280419548432,21.401856594110114,774.843350997161,FC_8577_itaquaquecetuba_SP,8577,itaquaquecetuba,SP,1441,-23.48611145466222,-46.36672076531711,37.76691880638445,547.6086022236634,3402,0.4235743680188125,814.677562172038,1.0,636263.1760563618
goiania_GO,goiania,GO,781,-16.685975020219033,-49.27280419548432,21.401856594110114,774.843350997161,FC_3204_sao_paulo_SP,3204,sao paulo,SP,1415,-23.59549859480055,-46.55972696351708,23.732226148409893,569.47353801252,3341,0.4235258904519605,818.7633156330422,1.0,639454.149509406
goiania_GO,goiania,GO,781,-16.685975020219033,-49.27280419548432,21.401856594110114,774.843350997161,FC_4160_sao_paulo_SP,4160,sao paulo,SP,1210,-23.62547545562188,-46.61200044104113,14.520239669421484,666.5871107099737,2857,0.42352117605880296,820.0209061228027,1.0,640436.3276819088
goiania_GO,goiania,GO,781,-16.685975020219033,-49.27280419548432,21.401856594110114,774.843350997161,FC_13232_campo_limpo_paulista_SP,13232,campo limpo paulista,SP,1177,-23.21174633273221,-46.762875138051314,19.43606627017842,508.7518574552949,2779,0.4235336451961137,771.5326467964952,1.0,602566.9971480628
goiania_GO,goiania,GO,781,-16.685975020219033,-49.27280419548432,21.401856594110114,774.843350997161,FC_3426_sao_paulo_SP,3426,sao paulo,SP,1152,-23.552336441109286,-46.53686856423848,17.834270833333335,622.6592477369251,2720,0.4235294117647059,815.1079602760962,1.0,636599.316975631
goiania_GO,goiania,GO,781,-16.685975020219033,-49.27280419548432,21.401856594110114,774.843350997161,FC_14840_guariba_SP,14840,guariba,SP,1147,-21.36350170979939,-48.22960077888057,17.43456843940715,610.5904937641259,2708,0.42355982274741505,531.5437671804784,1.0,415135.68216795364
sao_jose_dos_campos_SP,sao jose dos campos,SP,758,-23.21207391646352,-45.88491160494243,14.595237467018473,249.08871510404492,FC_14940_ibitinga_SP,14940,ibitinga,SP,7595,-21.75732063771276,-48.82974353343716,17.77237788018433,539.5559178849824,17934,0.42349726775956287,343.07101655485906,1.0,260047.83054858315
sao_jose_dos_campos_SP,sao jose dos campos,SP,758,-23.21207391646352,-45.88491160494243,14.595237467018473,249.08871510404492,FC_5849_sao_paulo_SP,5849,sao paulo,SP,2004,-23.65236617784017,-46.75575337195746,13.733612774451098,600.1033323270341,4732,0.4234995773457312,101.44308236812556,1.0,76893.85643503917
sao_jose_dos_campos_SP,sao jose dos campos,SP,758,-23.21207391646352,-45.88491160494243,14.595237467018473,249.08871510404492,FC_15025_sao_jose_do_rio_preto_SP,15025,sao jose do rio preto,SP,1998,-20.80670693101839,-49.389164535249215,18.31210710710711,691.0924322160539,4717,0.4235743057027772,449.4556700021795,1.0,340687.3978616521
sao_jose_dos_campos_SP,sao jose dos campos,SP,758,-23.21207391646352,-45.88491160494243,14.595237467018473,249.08871510404492,FC_9015_santo_andre_SP,9015,santo andre,SP,1710,-23.659363636440848,-46.52318334052176,14.45021052631579,609.9358286132139,4037,0.4235818677235571,81.93897234008728,1.0,62109.74103378615
sao_jose_dos_campos_SP,sao jose dos campos,SP,758,-23.21207391646352,-45.88491160494243,14.595237467018473,249.08871510404492,FC_13405_piracicaba_SP,13405,piracicaba,SP,1562,-22.708702100662567,-47.66470085247146,16.162823303457106,402.10211782744506,3688,0.4235357917570499,190.6252131160356,1.0,144493.911541955
sao_jose_dos_campos_SP,sao jose dos campos,SP,758,-23.21207391646352,-45.88491160494243,14.595237467018473,249.08871510404492,FC_4782_sao_paulo_SP,4782,sao paulo,SP,1485,-23.69101304628181,-46.703810106207634,16.803589225589224,488.1816857357616,3506,0.4235596120935539,99.06713645611954,1.0,75092.88943373862
sao_jose_dos_campos_SP,sao jose dos campos,SP,758,-23.21207391646352,-45.88491160494243,14.595237467018473,249.08871510404492,FC_8577_itaquaquecetuba_SP,8577,itaquaquecetuba,SP,1441,-23.48611145466222,-46.36672076531711,37.76691880638445,547.6086022236634,3402,0.4235743680188125,57.86106594867399,1.0,43858.687989094884
sao_jose_dos_campos_SP,sao jose dos campos,SP,758,-23.21207391646352,-45.88491160494243,14.595237467018473,249.08871510404492,FC_3204_sao_paulo_SP,3204,sao paulo,SP,1415,-23.59549859480055,-46.55972696351708,23.732226148409893,569.47353801252,3341,0.4235258904519605,80.99240132021656,1.0,61392.240200724154
sao_jose_dos_campos_SP,sao jose dos campos,SP,758,-23.21207391646352,-45.88491160494243,14.595237467018473,249.08871510404492,FC_4160_sao_paulo_SP,4160,sao paulo,SP,1210,-23.62547545562188,-46.61200044104113,14.520239669421484,666.5871107099737,2857,0.42352117605880296,87.275292960069,1.0,66154.6720637323
sao_jose_dos_campos_SP,sao jose dos campos,SP,758,-23.21207391646352,-45.88491160494243,14.595237467018473,249.08871510404492,FC_13232_campo_limpo_paulista_SP,13232,campo limpo paulista,SP,1177,-23.21174633273221,-46.762875138051314,19.43606627017842,508.7518574552949,2779,0.4235336451961137,89.72254549131937,1.0,68009.68948242009
sao_jose_dos_campos_SP,sao jose dos campos,SP,758,-23.21207391646352,-45.88491160494243,14.595237467018473,249.08871510404492,FC_3426_sao_paulo_SP,3426,sao paulo,SP,1152,-23.552336441109286,-46.53686856423848,17.834270833333335,622.6592477369251,2720,0.4235294117647059,76.54534076947981,1.0,58021.36830326569
sao_jose_dos_campos_SP,sao jose dos campos,SP,758,-23.21207391646352,-45.88491160494243,14.595237467018473,249.08871510404492,FC_14840_guariba_SP,14840,guariba,SP,1147,-21.36350170979939,-48.22960077888057,17.43456843940715,610.5904937641259,2708,0.42355982274741505,316.9215836274619,1.0,240226.56038961615
fortaleza_CE,fortaleza,CE,692,-3.763521167908132,-38.53359828114688,28.36593930635838,2270.6391669412938,FC_14940_ibitinga_SP,14940,ibitinga,SP,7595,-21.75732063771276,-48.82974353343716,17.77237788018433,539.5559178849824,17934,0.42349726775956287,2288.6795079548874,1.0,1583766.219504782
fortaleza_CE,fortaleza,CE,692,-3.763521167908132,-38.53359828114688,28.36593930635838,2270.6391669412938,FC_5849_sao_paulo_SP,5849,sao paulo,SP,2004,-23.65236617784017,-46.75575337195746,13.733612774451098,600.1033323270341,4732,0.4234995773457312,2381.258530304923,1.0,1647830.902971007
fortaleza_CE,fortaleza,CE,692,-3.763521167908132,-38.53359828114688,28.36593930635838,2270.6391669412938,FC_15025_sao_jose_do_rio_preto_SP,15025,sao jose do rio preto,SP,1998,-20.80670693101839,-49.389164535249215,18.31210710710711,691.0924322160539,4717,0.4235743057027772,2229.486297235517,1.0,1542804.517686978
fortaleza_CE,fortaleza,CE,692,-3.763521167908132,-38.53359828114688,28.36593930635838,2270.6391669412938,FC_9015_santo_andre_SP,9015,santo andre,SP,1710,-23.659363636440848,-46.52318334052176,14.45021052631579,609.9358286132139,4037,0.4235818677235571,2372.8329841913255,1.0,1642000.4250603972
fortaleza_CE,fortaleza,CE,692,-3.763521167908132,-38.53359828114688,28.36593930635838,2270.6391669412938,FC_13405_piracicaba_SP,13405,piracicaba,SP,1562,-22.708702100662567,-47.66470085247146,16.162823303457106,402.10211782744506,3688,0.4235357917570499,2324.6786804614444,1.0,1608677.6468793196
fortaleza_CE,fortaleza,CE,692,-3.763521167908132,-38.53359828114688,28.36593930635838,2270.6391669412938,FC_4782_sao_paulo_SP,4782,sao paulo,SP,1485,-23.69101304628181,-46.703810106207634,16.803589225589224,488.1816857357616,3506,0.4235596120935539,2383.1563583615916,1.0,1649144.1999862215
fortaleza_CE,fortaleza,CE,692,-3.763521167908132,-38.53359828114688,28.36593930635838,2270.6391669412938,FC_8577_itaquaquecetuba_SP,8577,itaquaquecetuba,SP,1441,-23.48611145466222,-46.36672076531711,37.76691880638445,547.6086022236634,3402,0.4235743680188125,2348.9599130223046,1.0,1625480.2598114347
fortaleza_CE,fortaleza,CE,692,-3.763521167908132,-38.53359828114688,28.36593930635838,2270.6391669412938,FC_3204_sao_paulo_SP,3204,sao paulo,SP,1415,-23.59549859480055,-46.55972696351708,23.732226148409893,569.47353801252,3341,0.4235258904519605,2367.694863942508,1.0,1638444.8458482157
fortaleza_CE,fortaleza,CE,692,-3.763521167908132,-38.53359828114688,28.36593930635838,2270.6391669412938,FC_4160_sao_paulo_SP,4160,sao paulo,SP,1210,-23.62547545562188,-46.61200044104113,14.520239669421484,666.5871107099737,2857,0.42352117605880296,2372.81975778564,1.0,1641991.272387663
fortaleza_CE,fortaleza,CE,692,-3.763521167908132,-38.53359828114688,28.36593930635838,2270.6391669412938,FC_13232_campo_limpo_paulista_SP,13232,campo limpo paulista,SP,1177,-23.21174633273221,-46.762875138051314,19.43606627017842,508.7518574552949,2779,0.4235336451961137,2336.525431879713,1.0,1616875.5988607614
fortaleza_CE,fortaleza,CE,692,-3.763521167908132,-38.53359828114688,28.36593930635838,2270.6391669412938,FC_3426_sao_paulo_SP,3426,sao paulo,SP,1152,-23.552336441109286,-46.53686856423848,17.834270833333335,622.6592477369251,2720,0.4235294117647059,2362.3689916348226,1.0,1634759.3422112972
fortaleza_CE,fortaleza,CE,692,-3.763521167908132,-38.53359828114688,28.36593930635838,2270.6391669412938,FC_14840_guariba_SP,14840,guariba,SP,1147,-21.36350170979939,-48.22960077888057,17.43456843940715,610.5904937641259,2708,0.42355982274741505,2219.7297454821387,1.0,1536052.98387364
sorocaba_SP,sorocaba,SP,687,-23.488065433500964,-47.46506817530658,15.134978165938865,225.39378553350613,FC_14940_ibitinga_SP,14940,ibitinga,SP,7595,-21.75732063771276,-48.82974353343716,17.77237788018433,539.5559178849824,17934,0.42349726775956287,238.02111227321288,1.0,163520.50413169723
sorocaba_SP,sorocaba,SP,687,-23.488065433500964,-47.46506817530658,15.134978165938865,225.39378553350613,FC_5849_sao_paulo_SP,5849,sao paulo,SP,2004,-23.65236617784017,-46.75575337195746,13.733612774451098,600.1033323270341,4732,0.4234995773457312,74.56461575811058,1.0,51225.89102582197
sorocaba_SP,sorocaba,SP,687,-23.488065433500964,-47.46506817530658,15.134978165938865,225.39378553350613,FC_15025_sao_jose_do_rio_preto_SP,15025,sao jose do rio preto,SP,1998,-20.80670693101839,-49.389164535249215,18.31210710710711,691.0924322160539,4717,0.4235743057027772,357.984883328055,1.0,245935.6148463738
sorocaba_SP,sorocaba,SP,687,-23.488065433500964,-47.46506817530658,15.134978165938865,225.39378553350613,FC_9015_santo_andre_SP,9015,santo andre,SP,1710,-23.659363636440848,-46.52318334052176,14.45021052631579,609.9358286132139,4037,0.4235818677235571,97.86377291937538,1.0,67232.41199561089
sorocaba_SP,sorocaba,SP,687,-23.488065433500964,-47.46506817530658,15.134978165938865,225.39378553350613,FC_13405_piracicaba_SP,13405,piracicaba,SP,1562,-22.708702100662567,-47.66470085247146,16.162823303457106,402.10211782744506,3688,0.4235357917570499,89.03415147712452,1.0,61166.46206478455
sorocaba_SP,sorocaba,SP,687,-23.488065433500964,-47.46506817530658,15.134978165938865,225.39378553350613,FC_4782_sao_paulo_SP,4782,sao paulo,SP,1485,-23.69101304628181,-46.703810106207634,16.803589225589224,488.1816857357616,3506,0.4235596120935539,80.79007043493893,1.0,55502.77838880304
sorocaba_SP,sorocaba,SP,687,-23.488065433500964,-47.46506817530658,15.134978165938865,225.39378553350613,FC_8577_itaquaquecetuba_SP,8577,itaquaquecetuba,SP,1441,-23.48611145466222,-46.36672076531711,37.76691880638445,547.6086022236634,3402,0.4235743680188125,112.01206168827983,1.0,76952.28637984824
sorocaba_SP,sorocaba,SP,687,-23.488065433500964,-47.46506817530658,15.134978165938865,225.39378553350613,FC_3204_sao_paulo_SP,3204,sao paulo,SP,1415,-23.59549859480055,-46.55972696351708,23.732226148409893,569.47353801252,3341,0.4235258904519605,93.06030178033376,1.0,63932.427323089294
sorocaba_SP,sorocaba,SP,687,-23.488065433500964,-47.46506817530658,15.134978165938865,225.39378553350613,FC_4160_sao_paulo_SP,4160,sao paulo,SP,1210,-23.62547545562188,-46.61200044104113,14.520239669421484,666.5871107099737,2857,0.42352117605880296,88.28395244226911,1.0,60651.07532783888
sorocaba_SP,sorocaba,SP,687,-23.488065433500964,-47.46506817530658,15.134978165938865,225.39378553350613,FC_13232_campo_limpo_paulista_SP,13232,campo limpo paulista,SP,1177,-23.21174633273221,-46.762875138051314,19.43606627017842,508.7518574552949,2779,0.4235336451961137,77.992620596559,1.0,53580.93034983603
sorocaba_SP,sorocaba,SP,687,-23.488065433500964,-47.46506817530658,15.134978165938865,225.39378553350613,FC_3426_sao_paulo_SP,3426,sao paulo,SP,1152,-23.552336441109286,-46.53686856423848,17.834270833333335,622.6592477369251,2720,0.4235294117647059,94.90553978984305,1.0,65200.10583562218
sorocaba_SP,sorocaba,SP,687,-23.488065433500964,-47.46506817530658,15.134978165938865,225.39378553350613,FC_14840_guariba_SP,14840,guariba,SP,1147,-21.36350170979939,-48.22960077888057,17.43456843940715,610.5904937641259,2708,0.42355982274741505,248.96563247738376,1.0,171039.38951196265
recife_PE,recife,PE,656,-8.067872047771525,-34.91269251937874,29.89202743902439,2044.2799664419888,FC_14940_ibitinga_SP,14940,ibitinga,SP,7595,-21.75732063771276,-48.82974353343716,17.77237788018433,539.5559178849824,17934,0.42349726775956287,2130.631304819456,1.0,1397694.135961563
recife_PE,recife,PE,656,-8.067872047771525,-34.91269251937874,29.89202743902439,2044.2799664419888,FC_5849_sao_paulo_SP,5849,sao paulo,SP,2004,-23.65236617784017,-46.75575337195746,13.733612774451098,600.1033323270341,4732,0.4234995773457312,2143.5757586380555,1.0,1406185.6976665645
recife_PE,recife,PE,656,-8.067872047771525,-34.91269251937874,29.89202743902439,2044.2799664419888,FC_15025_sao_jose_do_rio_preto_SP,15025,sao jose do rio preto,SP,1998,-20.80670693101839,-49.389164535249215,18.31210710710711,691.0924322160539,4717,0.4235743057027772,2103.2621164415837,1.0,1379739.948385679
recife_PE,recife,PE,656,-8.067872047771525,-34.91269251937874,29.89202743902439,2044.2799664419888,FC_9015_santo_andre_SP,9015,santo andre,SP,1710,-23.659363636440848,-46.52318334052176,14.45021052631579,609.9358286132139,4037,0.4235818677235571,2129.7081197209877,1.0,1397088.5265369678
recife_PE,recife,PE,656,-8.067872047771525,-34.91269251937874,29.89202743902439,2044.2799664419888,FC_13405_piracicaba_SP,13405,piracicaba,SP,1562,-22.708702100662567,-47.66470085247146,16.162823303457106,402.10211782744506,3688,0.4235357917570499,2122.8056553117012,1.0,1392560.509884476
recife_PE,recife,PE,656,-8.067872047771525,-34.91269251937874,29.89202743902439,2044.2799664419888,FC_4782_sao_paulo_SP,4782,sao paulo,SP,1485,-23.69101304628181,-46.703810106207634,16.803589225589224,488.1816857357616,3506,0.4235596120935539,2143.718516986841,1.0,1406279.3471433679
recife_PE,recife,PE,656,-8.067872047771525,-34.91269251937874,29.89202743902439,2044.2799664419888,FC_8577_itaquaquecetuba_SP,8577,itaquaquecetuba,SP,1441,-23.48611145466222,-46.36672076531711,37.76691880638445,547.6086022236634,3402,0.4235743680188125,2104.7194578167414,1.0,1380695.9643277824
recife_PE,recife,PE,656,-8.067872047771525,-34.91269251937874,29.89202743902439,2044.2799664419888,FC_3204_sao_paulo_SP,3204,sao paulo,SP,1415,-23.59549859480055,-46.55972696351708,23.732226148409893,569.47353801252,3341,0.4235258904519605,2126.3404098483134,1.0,1394879.3088604936
recife_PE,recife,PE,656,-8.067872047771525,-34.91269251937874,29.89202743902439,2044.2799664419888,FC_4160_sao_paulo_SP,4160,sao paulo,SP,1210,-23.62547545562188,-46.61200044104113,14.520239669421484,666.5871107099737,2857,0.42352117605880296,2132.232470383085,1.0,1398744.5005713038
recife_PE,recife,PE,656,-8.067872047771525,-34.91269251937874,29.89202743902439,2044.2799664419888,FC_13232_campo_limpo_paulista_SP,13232,campo limpo paulista,SP,1177,-23.21174633273221,-46.762875138051314,19.43606627017842,508.7518574552949,2779,0.4235336451961137,2105.6244034378765,1.0,1381289.608655247
recife_PE,recife,PE,656,-8.067872047771525,-34.91269251937874,29.89202743902439,2044.2799664419888,FC_3426_sao_paulo_SP,3426,sao paulo,SP,1152,-23.552336441109286,-46.53686856423848,17.834270833333335,622.6592477369251,2720,0.4235294117647059,2121.116683530302,1.0,1391452.5443958782
recife_PE,recife,PE,656,-8.067872047771525,-34.91269251937874,29.89202743902439,2044.2799664419888,FC_14840_guariba_SP,14840,guariba,SP,1147,-21.36350170979939,-48.22960077888057,17.43456843940715,610.5904937641259,2708,0.42355982274741505,2055.516321580985,1.0,1348418.706957126
florianopolis_SC,florianopolis,SC,647,-27.573827052833163,-48.515387381548365,21.29143740340031,590.3168066018545,FC_14940_ibitinga_SP,14940,ibitinga,SP,7595,-21.75732063771276,-48.82974353343716,17.77237788018433,539.5559178849824,17934,0.42349726775956287,647.5445121956247,1.0,418961.2993905692
florianopolis_SC,florianopolis,SC,647,-27.573827052833163,-48.515387381548365,21.29143740340031,590.3168066018545,FC_5849_sao_paulo_SP,5849,sao paulo,SP,2004,-23.65236617784017,-46.75575337195746,13.733612774451098,600.1033323270341,4732,0.4234995773457312,470.3669240789112,1.0,304327.39987905556
florianopolis_SC,florianopolis,SC,647,-27.573827052833163,-48.515387381548365,21.29143740340031,590.3168066018545,FC_15025_sao_jose_do_rio_preto_SP,15025,sao jose do rio preto,SP,1998,-20.80670693101839,-49.389164535249215,18.31210710710711,691.0924322160539,4717,0.4235743057027772,757.661178728975,1.0,490206.7826376468
florianopolis_SC,florianopolis,SC,647,-27.573827052833163,-48.515387381548365,21.29143740340031,590.3168066018545,FC_9015_santo_andre_SP,9015,santo andre,SP,1710,-23.659363636440848,-46.52318334052176,14.45021052631579,609.9358286132139,4037,0.4235818677235571,478.8854605980045,1.0,309838.89300690894
florianopolis_SC,florianopolis,SC,647,-27.573827052833163,-48.515387381548365,21.29143740340031,590.3168066018545,FC_13405_piracicaba_SP,13405,piracicaba,SP,1562,-22.708702100662567,-47.66470085247146,16.162823303457106,402.10211782744506,3688,0.4235357917570499,547.7057710206852,1.0,354365.63385038334
florianopolis_SC,florianopolis,SC,647,-27.573827052833163,-48.515387381548365,21.29143740340031,590.3168066018545,FC_4782_sao_paulo_SP,4782,sao paulo,SP,1485,-23.69101304628181,-46.703810106207634,16.803589225589224,488.1816857357616,3506,0.4235596120935539,468.3687232998284,1.0,303034.563974989
florianopolis_SC,florianopolis,SC,647,-27.573827052833163,-48.515387381548365,21.29143740340031,590.3168066018545,FC_8577_itaquaquecetuba_SP,8577,itaquaquecetuba,SP,1441,-23.48611145466222,-46.36672076531711,37.76691880638445,547.6086022236634,3402,0.4235743680188125,503.0371760892963,1.0,325465.0529297747
florianopolis_SC,florianopolis,SC,647,-27.573827052833163,-48.515387381548365,21.29143740340031,590.3168066018545,FC_3204_sao_paulo_SP,3204,sao paulo,SP,1415,-23.59549859480055,-46.55972696351708,23.732226148409893,569.47353801252,3341,0.4235258904519605,483.874138602862,1.0,313066.5676760517
florianopolis_SC,florianopolis,SC,647,-27.573827052833163,-48.515387381548365,21.29143740340031,590.3168066018545,FC_4160_sao_paulo_SP,4160,sao paulo,SP,1210,-23.62547545562188,-46.61200044104113,14.520239669421484,666.5871107099737,2857,0.42352117605880296,478.70641699549833,1.0,309723.0517960874
florianopolis_SC,florianopolis,SC,647,-27.573827052833163,-48.515387381548365,21.29143740340031,590.3168066018545,FC_13232_campo_limpo_paulista_SP,13232,campo limpo paulista,SP,1177,-23.21174633273221,-46.762875138051314,19.43606627017842,508.7518574552949,2779,0.4235336451961137,515.9757008022011,1.0,333836.27841902414
florianopolis_SC,florianopolis,SC,647,-27.573827052833163,-48.515387381548365,21.29143740340031,590.3168066018545,FC_3426_sao_paulo_SP,3426,sao paulo,SP,1152,-23.552336441109286,-46.53686856423848,17.834270833333335,622.6592477369251,2720,0.4235294117647059,489.2044353361379,1.0,316515.2696624812
florianopolis_SC,florianopolis,SC,647,-27.573827052833163,-48.515387381548365,21.29143740340031,590.3168066018545,FC_14840_guariba_SP,14840,guariba,SP,1147,-21.36350170979939,-48.22960077888057,17.43456843940715,610.5904937641259,2708,0.42355982274741505,691.1611845395418,1.0,447181.2863970835
jundiai_SP,jundiai,SP,641,-23.1848429301922,-46.90511385387179,15.450998439937598,227.89828736498848,FC_14940_ibitinga_SP,14940,ibitinga,SP,7595,-21.75732063771276,-48.82974353343716,17.77237788018433,539.5559178849824,17934,0.42349726775956287,253.57763756454602,1.0,162543.265678874
jundiai_SP,jundiai,SP,641,-23.1848429301922,-46.90511385387179,15.450998439937598,227.89828736498848,FC_5849_sao_paulo_SP,5849,sao paulo,SP,2004,-23.65236617784017,-46.75575337195746,13.733612774451098,600.1033323270341,4732,0.4234995773457312,54.17400907550815,1.0,34725.53981740073
jundiai_SP,jundiai,SP,641,-23.1848429301922,-46.90511385387179,15.450998439937598,227.89828736498848,FC_15025_sao_jose_do_rio_preto_SP,15025,sao jose do rio preto,SP,1998,-20.80670693101839,-49.389164535249215,18.31210710710711,691.0924322160539,4717,0.4235743057027772,368.10719974342766,1.0,235956.71503553714
jundiai_SP,jundiai,SP,641,-23.1848429301922,-46.90511385387179,15.450998439937598,227.89828736498848,FC_9015_santo_andre_SP,9015,santo andre,SP,1710,-23.659363636440848,-46.52318334052176,14.45021052631579,609.9358286132139,4037,0.4235818677235571,65.59472610483495,1.0,42046.2194331992
jundiai_SP,jundiai,SP,641,-23.1848429301922,-46.90511385387179,15.450998439937598,227.89828736498848,FC_13405_piracicaba_SP,13405,piracicaba,SP,1562,-22.708702100662567,-47.66470085247146,16.162823303457106,402.10211782744506,3688,0.4235357917570499,94.08795722169802,1.0,60310.38057910843
jundiai_SP,jundiai,SP,641,-23.1848429301922,-46.90511385387179,15.450998439937598,227.89828736498848,FC_4782_sao_paulo_SP,4782,sao paulo,SP,1485,-23.69101304628181,-46.703810106207634,16.803589225589224,488.1816857357616,3506,0.4235596120935539,59.913317083142985,1.0,38404.43625029465
jundiai_SP,jundiai,SP,641,-23.1848429301922,-46.90511385387179,15.450998439937598,227.89828736498848,FC_8577_itaquaquecetuba_SP,8577,itaquaquecetuba,SP,1441,-23.48611145466222,-46.36672076531711,37.76691880638445,547.6086022236634,3402,0.4235743680188125,64.37280464675503,1.0,41262.967778569975
jundiai_SP,jundiai,SP,641,-23.1848429301922,-46.90511385387179,15.450998439937598,227.89828736498848,FC_3204_sao_paulo_SP,3204,sao paulo,SP,1415,-23.59549859480055,-46.55972696351708,23.732226148409893,569.47353801252,3341,0.4235258904519605,57.685293264170944,1.0,36976.272982333576
jundiai_SP,jundiai,SP,641,-23.1848429301922,-46.90511385387179,15.450998439937598,227.89828736498848,FC_4160_sao_paulo_SP,4160,sao paulo,SP,1210,-23.62547545562188,-46.61200044104113,14.520239669421484,666.5871107099737,2857,0.42352117605880296,57.40449595619424,1.0,36796.28190792051
jundiai_SP,jundiai,SP,641,-23.1848429301922,-46.90511385387179,15.450998439937598,227.89828736498848,FC_13232_campo_limpo_paulista_SP,13232,campo limpo paulista,SP,1177,-23.21174633273221,-46.762875138051314,19.43606627017842,508.7518574552949,2779,0.4235336451961137,14.842041978782273,1.0,9513.748908399437
jundiai_SP,jundiai,SP,641,-23.1848429301922,-46.90511385387179,15.450998439937598,227.89828736498848,FC_3426_sao_paulo_SP,3426,sao paulo,SP,1152,-23.552336441109286,-46.53686856423848,17.834270833333335,622.6592477369251,2720,0.4235294117647059,55.52192554649129,1.0,35589.554275300914
jundiai_SP,jundiai,SP,641,-23.1848429301922,-46.90511385387179,15.450998439937598,227.89828736498848,FC_14840_guariba_SP,14840,guariba,SP,1147,-21.36350170979939,-48.22960077888057,17.43456843940715,610.5904937641259,2708,0.42355982274741505,244.10549227645816,1.0,156471.62054920968
ribeirao_preto_SP,ribeirao preto,SP,570,-21.18279739147177,-47.80520748062762,16.692877192982458,319.0354365793114,FC_14940_ibitinga_SP,14940,ibitinga,SP,7595,-21.75732063771276,-48.82974353343716,17.77237788018433,539.5559178849824,17934,0.42349726775956287,123.7772377129465,1.0,70553.0254963795
ribeirao_preto_SP,ribeirao preto,SP,570,-21.18279739147177,-47.80520748062762,16.692877192982458,319.0354365793114,FC_5849_sao_paulo_SP,5849,sao paulo,SP,2004,-23.65236617784017,-46.75575337195746,13.733612774451098,600.1033323270341,4732,0.4234995773457312,295.02780272756655,1.0,168165.84755471293
ribeirao_preto_SP,ribeirao preto,SP,570,-21.18279739147177,-47.80520748062762,16.692877192982458,319.0354365793114,FC_15025_sao_jose_do_rio_preto_SP,15025,sao jose do rio preto,SP,1998,-20.80670693101839,-49.389164535249215,18.31210710710711,691.0924322160539,4717,0.4235743057027772,169.6688110705056,1.0,96711.2223101882
ribeirao_preto_SP,ribeirao preto,SP,570,-21.18279739147177,-47.80520748062762,16.692877192982458,319.0354365793114,FC_9015_santo_andre_SP,9015,santo andre,SP,1710,-23.659363636440848,-46.52318334052176,14.45021052631579,609.9358286132139,4037,0.4235818677235571,305.2807730448,1.0,174010.04063553602
ribeirao_preto_SP,ribeirao preto,SP,570,-21.18279739147177,-47.80520748062762,16.692877192982458,319.0354365793114,FC_13405_piracicaba_SP,13405,piracicaba,SP,1562,-22.708702100662567,-47.66470085247146,16.162823303457106,402.10211782744506,3688,0.4235357917570499,170.2905325551129,1.0,97065.60355641435
ribeirao_preto_SP,ribeirao preto,SP,570,-21.18279739147177,-47.80520748062762,16.692877192982458,319.0354365793114,FC_4782_sao_paulo_SP,4782,sao paulo,SP,1485,-23.69101304628181,-46.703810106207634,16.803589225589224,488.1816857357616,3506,0.4235596120935539,300.9925642830496,1.0,171565.76164133826
ribeirao_preto_SP,ribeirao preto,SP,570,-21.18279739147177,-47.80520748062762,16.692877192982458,319.0354365793114,FC_8577_itaquaquecetuba_SP,8577,itaquaquecetuba,SP,1441,-23.48611145466222,-46.36672076531711,37.76691880638445,547.6086022236634,3402,0.4235743680188125,295.77241537780577,1.0,168590.2767653493
ribeirao_preto_SP,ribeirao preto,SP,570,-21.18279739147177,-47.80520748062762,16.692877192982458,319.0354365793114,FC_3204_sao_paulo_SP,3204,sao paulo,SP,1415,-23.59549859480055,-46.55972696351708,23.732226148409893,569.47353801252,3341,0.4235258904519605,297.26695337411036,1.0,169442.1634232429
ribeirao_preto_SP,ribeirao preto,SP,570,-21.18279739147177,-47.80520748062762,16.692877192982458,319.0354365793114,FC_4160_sao_paulo_SP,4160,sao paulo,SP,1210,-23.62547545562188,-46.61200044104113,14.520239669421484,666.5871107099737,2857,0.42352117605880296,298.0213578984868,1.0,169872.1740021375
ribeirao_preto_SP,ribeirao preto,SP,570,-21.18279739147177,-47.80520748062762,16.692877192982458,319.0354365793114,FC_13232_campo_limpo_paulista_SP,13232,campo limpo paulista,SP,1177,-23.21174633273221,-46.762875138051314,19.43606627017842,508.7518574552949,2779,0.4235336451961137,249.82683008844376,1.0,142401.29315041294
ribeirao_preto_SP,ribeirao preto,SP,570,-21.18279739147177,-47.80520748062762,16.692877192982458,319.0354365793114,FC_3426_sao_paulo_SP,3426,sao paulo,SP,1152,-23.552336441109286,-46.53686856423848,17.834270833333335,622.6592477369251,2720,0.4235294117647059,293.98668402940757,1.0,167572.4098967623
ribeirao_preto_SP,ribeirao preto,SP,570,-21.18279739147177,-47.80520748062762,16.692877192982458,319.0354365793114,FC_14840_guariba_SP,14840,guariba,SP,1147,-21.36350170979939,-48.22960077888057,17.43456843940715,610.5904937641259,2708,0.42355982274741505,48.348035957805266,1.0,27558.380495949
nova_iguacu_RJ,nova iguacu,RJ,486,-22.743284313547985,-43.47091319682051,21.054526748971192,469.7304394683542,FC_14940_ibitinga_SP,14940,ibitinga,SP,7595,-21.75732063771276,-48.82974353343716,17.77237788018433,539.5559178849824,17934,0.42349726775956287,562.2582573670996,1.0,273257.5130804104
nova_iguacu_RJ,nova iguacu,RJ,486,-22.743284313547985,-43.47091319682051,21.054526748971192,469.7304394683542,FC_5849_sao_paulo_SP,5849,sao paulo,SP,2004,-23.65236617784017,-46.75575337195746,13.733612774451098,600.1033323270341,4732,0.4234995773457312,350.60251474232604,1.0,170392.82216477045
nova_iguacu_RJ,nova iguacu,RJ,486,-22.743284313547985,-43.47091319682051,21.054526748971192,469.7304394683542,FC_15025_sao_jose_do_rio_preto_SP,15025,sao jose do rio preto,SP,1998,-20.80670693101839,-49.389164535249215,18.31210710710711,691.0924322160539,4717,0.4235743057027772,647.8770099439773,1.0,314868.22683277295
nova_iguacu_RJ,nova iguacu,RJ,486,-22.743284313547985,-43.47091319682051,21.054526748971192,469.7304394683542,FC_9015_santo_andre_SP,9015,santo andre,SP,1710,-23.659363636440848,-46.52318334052176,14.45021052631579,609.9358286132139,4037,0.4235818677235571,328.1483135292878,1.0,159480.08037523387
nova_iguacu_RJ,nova iguacu,RJ,486,-22.743284313547985,-43.47091319682051,21.054526748971192,469.7304394683542,FC_13405_piracicaba_SP,13405,piracicaba,SP,1562,-22.708702100662567,-47.66470085247146,16.162823303457106,402.10211782744506,3688,0.4235357917570499,430.12641687492993,1.0,209041.43860121595
nova_iguacu_RJ,nova iguacu,RJ,486,-22.743284313547985,-43.47091319682051,21.054526748971192,469.7304394683542,FC_4782_sao_paulo_SP,4782,sao paulo,SP,1485,-23.69101304628181,-46.703810106207634,16.803589225589224,488.1816857357616,3506,0.4235596120935539,346.7584874177489,1.0,168524.62488502596
nova_iguacu_RJ,nova iguacu,RJ,486,-22.743284313547985,-43.47091319682051,21.054526748971192,469.7304394683542,FC_8577_itaquaquecetuba_SP,8577,itaquaquecetuba,SP,1441,-23.48611145466222,-46.36672076531711,37.76691880638445,547.6086022236634,3402,0.4235743680188125,307.4445514306514,1.0,149418.05199529658
nova_iguacu_RJ,nova iguacu,RJ,486,-22.743284313547985,-43.47091319682051,21.054526748971192,469.7304394683542,FC_3204_sao_paulo_SP,3204,sao paulo,SP,1415,-23.59549859480055,-46.55972696351708,23.732226148409893,569.47353801252,3341,0.4235258904519605,329.6617667125014,1.0,160215.61862227568
nova_iguacu_RJ,nova iguacu,RJ,486,-22.743284313547985,-43.47091319682051,21.054526748971192,469.7304394683542,FC_4160_sao_paulo_SP,4160,sao paulo,SP,1210,-23.62547545562188,-46.61200044104113,14.520239669421484,666.5871107099737,2857,0.42352117605880296,335.70713707511374,1.0,163153.66861850527
nova_iguacu_RJ,nova iguacu,RJ,486,-22.743284313547985,-43.47091319682051,21.054526748971192,469.7304394683542,FC_13232_campo_limpo_paulista_SP,13232,campo limpo paulista,SP,1177,-23.21174633273221,-46.762875138051314,19.43606627017842,508.7518574552949,2779,0.4235336451961137,341.000024220255,1.0,165726.01177104394
nova_iguacu_RJ,nova iguacu,RJ,486,-22.743284313547985,-43.47091319682051,21.054526748971192,469.7304394683542,FC_3426_sao_paulo_SP,3426,sao paulo,SP,1152,-23.552336441109286,-46.53686856423848,17.834270833333335,622.6592477369251,2720,0.4235294117647059,326.11681317728915,1.0,158492.77120416253
nova_iguacu_RJ,nova iguacu,RJ,486,-22.743284313547985,-43.47091319682051,21.054526748971192,469.7304394683542,FC_14840_guariba_SP,14840,guariba,SP,1147,-21.36350170979939,-48.22960077888057,17.43456843940715,610.5904937641259,2708,0.42355982274741505,513.8296214308796,1.0,249721.19601540748
contagem_MG,contagem,MG,475,-19.917084919307605,-44.05881544689928,18.15722105263158,508.223297738601,FC_14940_ibitinga_SP,14940,ibitinga,SP,7595,-21.75732063771276,-48.82974353343716,17.77237788018433,539.5559178849824,17934,0.42349726775956287,536.3264207204218,1.0,254755.04984220033
contagem_MG,contagem,MG,475,-19.917084919307605,-44.05881544689928,18.15722105263158,508.223297738601,FC_5849_sao_paulo_SP,5849,sao paulo,SP,2004,-23.65236617784017,-46.75575337195746,13.733612774451098,600.1033323270341,4732,0.4234995773457312,500.0135135379042,1.0,237506.4189305045
contagem_MG,contagem,MG,475,-19.917084919307605,-44.05881544689928,18.15722105263158,508.223297738601,FC_15025_sao_jose_do_rio_preto_SP,15025,sao jose do rio preto,SP,1998,-20.80670693101839,-49.389164535249215,18.31210710710711,691.0924322160539,4717,0.4235743057027772,564.3763195797784,1.0,268078.75180039473
contagem_MG,contagem,MG,475,-19.917084919307605,-44.05881544689928,18.15722105263158,508.223297738601,FC_9015_santo_andre_SP,9015,santo andre,SP,1710,-23.659363636440848,-46.52318334052176,14.45021052631579,609.9358286132139,4037,0.4235818677235571,487.7160424833963,1.0,231665.12017961324
contagem_MG,contagem,MG,475,-19.917084919307605,-44.05881544689928,18.15722105263158,508.223297738601,FC_13405_piracicaba_SP,13405,piracicaba,SP,1562,-22.708702100662567,-47.66470085247146,16.162823303457106,402.10211782744506,3688,0.4235357917570499,485.63196889889235,1.0,230675.18522697387
contagem_MG,contagem,MG,475,-19.917084919307605,-44.05881544689928,18.15722105263158,508.223297738601,FC_4782_sao_paulo_SP,4782,sao paulo,SP,1485,-23.69101304628181,-46.703810106207634,16.803589225589224,488.1816857357616,3506,0.4235596120935539,500.62380324385646,1.0,237796.3065408318
contagem_MG,contagem,MG,475,-19.917084919307605,-44.05881544689928,18.15722105263158,508.223297738601,FC_8577_itaquaquecetuba_SP,8577,itaquaquecetuba,SP,1441,-23.48611145466222,-46.36672076531711,37.76691880638445,547.6086022236634,3402,0.4235743680188125,462.94771558403096,1.0,219900.16490241472
contagem_MG,contagem,MG,475,-19.917084919307605,-44.05881544689928,18.15722105263158,508.223297738601,FC_3204_sao_paulo_SP,3204,sao paulo,SP,1415,-23.59549859480055,-46.55972696351708,23.732226148409893,569.47353801252,3341,0.4235258904519605,483.705917686535,1.0,229760.31090110412
contagem_MG,contagem,MG,475,-19.917084919307605,-44.05881544689928,18.15722105263158,508.223297738601,FC_4160_sao_paulo_SP,4160,sao paulo,SP,1210,-23.62547545562188,-46.61200044104113,14.520239669421484,666.5871107099737,2857,0.42352117605880296,489.3980148345959,1.0,232464.05704643307
contagem_MG,contagem,MG,475,-19.917084919307605,-44.05881544689928,18.15722105263158,508.223297738601,FC_13232_campo_limpo_paulista_SP,13232,campo limpo paulista,SP,1177,-23.21174633273221,-46.762875138051314,19.43606627017842,508.7518574552949,2779,0.4235336451961137,460.8387664921336,1.0,218898.41408376343
contagem_MG,contagem,MG,475,-19.917084919307605,-44.05881544689928,18.15722105263158,508.223297738601,FC_3426_sao_paulo_SP,3426,sao paulo,SP,1152,-23.552336441109286,-46.53686856423848,17.834270833333335,622.6592477369251,2720,0.4235294117647059,478.4094556421767,1.0,227244.49143003393
contagem_MG,contagem,MG,475,-19.917084919307605,-44.05881544689928,18.15722105263158,508.223297738601,FC_14840_guariba_SP,14840,guariba,SP,1147,-21.36350170979939,-48.22960077888057,17.43456843940715,610.5904937641259,2708,0.42355982274741505,462.81794969556427,1.0,219838.52610539302
belem_PA,belem,PA,474,-1.417116348298761,-48.46915391860634,31.46943037974684,2396.3072579687428,FC_14940_ibitinga_SP,14940,ibitinga,SP,7595,-21.75732063771276,-48.82974353343716,17.77237788018433,539.5559178849824,17934,0.42349726775956287,2262.0645209989398,1.0,1072218.5829534975
belem_PA,belem,PA,474,-1.417116348298761,-48.46915391860634,31.46943037974684,2396.3072579687428,FC_5849_sao_paulo_SP,5849,sao paulo,SP,2004,-23.65236617784017,-46.75575337195746,13.733612774451098,600.1033323270341,4732,0.4234995773457312,2479.330995755014,1.0,1175202.8919878767
belem_PA,belem,PA,474,-1.417116348298761,-48.46915391860634,31.46943037974684,2396.3072579687428,FC_15025_sao_jose_do_rio_preto_SP,15025,sao jose do rio preto,SP,1998,-20.80670693101839,-49.389164535249215,18.31210710710711,691.0924322160539,4717,0.4235743057027772,2158.3347769642114,1.0,1023050.6842810363
belem_PA,belem,PA,474,-1.417116348298761,-48.46915391860634,31.46943037974684,2396.3072579687428,FC_9015_santo_andre_SP,9015,santo andre,SP,1710,-23.659363636440848,-46.52318334052176,14.45021052631579,609.9358286132139,4037,0.4235818677235571,2482.0980333476587,1.0,1176514.4678067903
belem_PA,belem,PA,474,-1.417116348298761,-48.46915391860634,31.46943037974684,2396.3072579687428,FC_13405_piracicaba_SP,13405,piracicaba,SP,1562,-22.708702100662567,-47.66470085247146,16.162823303457106,402.10211782744506,3688,0.4235357917570499,2369.1106069349166,1.0,1122958.4276871504
belem_PA,belem,PA,474,-1.417116348298761,-48.46915391860634,31.46943037974684,2396.3072579687428,FC_4782_sao_paulo_SP,4782,sao paulo,SP,1485,-23.69101304628181,-46.703810106207634,16.803589225589224,488.1816857357616,3506,0.4235596120935539,2484.0372704802785,1.0,1177433.666207652
belem_PA,belem,PA,474,-1.417116348298761,-48.46915391860634,31.46943037974684,2396.3072579687428,FC_8577_itaquaquecetuba_SP,8577,itaquaquecetuba,SP,1441,-23.48611145466222,-46.36672076531711,37.76691880638445,547.6086022236634,3402,0.4235743680188125,2464.4049477394856,1.0,1168127.9452285161
belem_PA,belem,PA,474,-1.417116348298761,-48.46915391860634,31.46943037974684,2396.3072579687428,FC_3204_sao_paulo_SP,3204,sao paulo,SP,1415,-23.59549859480055,-46.55972696351708,23.732226148409893,569.47353801252,3341,0.4235258904519605,2474.6944536643477,1.0,1173005.1710369007
belem_PA,belem,PA,474,-1.417116348298761,-48.46915391860634,31.46943037974684,2396.3072579687428,FC_4160_sao_paulo_SP,4160,sao paulo,SP,1210,-23.62547545562188,-46.61200044104113,14.520239669421484,666.5871107099737,2857,0.42352117605880296,2477.5534248644344,1.0,1174360.323385742
belem_PA,belem,PA,474,-1.417116348298761,-48.46915391860634,31.46943037974684,2396.3072579687428,FC_13232_campo_limpo_paulista_SP,13232,campo limpo paulista,SP,1177,-23.21174633273221,-46.762875138051314,19.43606627017842,508.7518574552949,2779,0.4235336451961137,2430.4331855762175,1.0,1152025.3299631272
belem_PA,belem,PA,474,-1.417116348298761,-48.46915391860634,31.46943037974684,2396.3072579687428,FC_3426_sao_paulo_SP,3426,sao paulo,SP,1152,-23.552336441109286,-46.53686856423848,17.834270833333335,622.6592477369251,2720,0.4235294117647059,2470.1201903345286,1.0,1170836.9702185665
belem_PA,belem,PA,474,-1.417116348298761,-48.46915391860634,31.46943037974684,2396.3072579687428,FC_14840_guariba_SP,14840,guariba,SP,1147,-21.36350170979939,-48.22960077888057,17.43456843940715,610.5904937641259,2708,0.42355982274741505,2218.0888204447,1.0,1051374.1008907878
barueri_SP,barueri,SP,469,-23.505395008257263,-46.86934631725436,15.098912579957355,214.47267560196892,FC_14940_ibitinga_SP,14940,ibitinga,SP,7595,-21.75732063771276,-48.82974353343716,17.77237788018433,539.5559178849824,17934,0.42349726775956287,279.7480862217677,1.0,131201.85243800905
barueri_SP,barueri,SP,469,-23.505395008257263,-46.86934631725436,15.098912579957355,214.47267560196892,FC_5849_sao_paulo_SP,5849,sao paulo,SP,2004,-23.65236617784017,-46.75575337195746,13.733612774451098,600.1033323270341,4732,0.4234995773457312,20.027196865181242,1.0,9392.755329770003
barueri_SP,barueri,SP,469,-23.505395008257263,-46.86934631725436,15.098912579957355,214.47267560196892,FC_15025_sao_jose_do_rio_preto_SP,15025,sao jose do rio preto,SP,1998,-20.80670693101839,-49.389164535249215,18.31210710710711,691.0924322160539,4717,0.4235743057027772,396.6978983722869,1.0,186051.31433660255
barueri_SP,barueri,SP,469,-23.505395008257263,-46.86934631725436,15.098912579957355,214.47267560196892,FC_9015_santo_andre_SP,9015,santo andre,SP,1710,-23.659363636440848,-46.52318334052176,14.45021052631579,609.9358286132139,4037,0.4235818677235571,39.21193342233231,1.0,18390.396775073852
barueri_SP,barueri,SP,469,-23.505395008257263,-46.86934631725436,15.098912579957355,214.47267560196892,FC_13405_piracicaba_SP,13405,piracicaba,SP,1562,-22.708702100662567,-47.66470085247146,16.162823303457106,402.10211782744506,3688,0.4235357917570499,120.2687225284667,1.0,56406.03086585088
barueri_SP,barueri,SP,469,-23.505395008257263,-46.86934631725436,15.098912579957355,214.47267560196892,FC_4782_sao_paulo_SP,4782,sao paulo,SP,1485,-23.69101304628181,-46.703810106207634,16.803589225589224,488.1816857357616,3506,0.4235596120935539,26.655461833415952,1.0,12501.41159987208
barueri_SP,barueri,SP,469,-23.505395008257263,-46.86934631725436,15.098912579957355,214.47267560196892,FC_8577_itaquaquecetuba_SP,8577,itaquaquecetuba,SP,1441,-23.48611145466222,-46.36672076531711,37.76691880638445,547.6086022236634,3402,0.4235743680188125,51.30040442430244,1.0,24059.889674997845
barueri_SP,barueri,SP,469,-23.505395008257263,-46.86934631725436,15.098912579957355,214.47267560196892,FC_3204_sao_paulo_SP,3204,sao paulo,SP,1415,-23.59549859480055,-46.55972696351708,23.732226148409893,569.47353801252,3341,0.4235258904519605,33.11266273024515,1.0,15529.838820484974
barueri_SP,barueri,SP,469,-23.505395008257263,-46.86934631725436,15.098912579957355,214.47267560196892,FC_4160_sao_paulo_SP,4160,sao paulo,SP,1210,-23.62547545562188,-46.61200044104113,14.520239669421484,666.5871107099737,2857,0.42352117605880296,29.43215667559301,1.0,13803.681480853122
barueri_SP,barueri,SP,469,-23.505395008257263,-46.86934631725436,15.098912579957355,214.47267560196892,FC_13232_campo_limpo_paulista_SP,13232,campo limpo paulista,SP,1177,-23.21174633273221,-46.762875138051314,19.43606627017842,508.7518574552949,2779,0.4235336451961137,34.41363342286929,1.0,16139.994075325696
barueri_SP,barueri,SP,469,-23.505395008257263,-46.86934631725436,15.098912579957355,214.47267560196892,FC_3426_sao_paulo_SP,3426,sao paulo,SP,1152,-23.552336441109286,-46.53686856423848,17.834270833333335,622.6592477369251,2720,0.4235294117647059,34.29565449402511,1.0,16084.661957697776
barueri_SP,barueri,SP,469,-23.505395008257263,-46.86934631725436,15.098912579957355,214.47267560196892,FC_14840_guariba_SP,14840,guariba,SP,1147,-21.36350170979939,-48.22960077888057,17.43456843940715,610.5904937641259,2708,0.42355982274741505,276.1629857388475,1.0,129520.44031151949
juiz_de_fora_MG,juiz de fora,MG,468,-21.755703329742776,-43.3612448563444,22.13403846153846,469.77563341988434,FC_14940_ibitinga_SP,14940,ibitinga,SP,7595,-21.75732063771276,-48.82974353343716,17.77237788018433,539.5559178849824,17934,0.42349726775956287,564.7255252338265,1.0,264291.54580943077
juiz_de_fora_MG,juiz de fora,MG,468,-21.755703329742776,-43.3612448563444,22.13403846153846,469.77563341988434,FC_5849_sao_paulo_SP,5849,sao paulo,SP,2004,-23.65236617784017,-46.75575337195746,13.733612774451098,600.1033323270341,4732,0.4234995773457312,407.0652964824395,1.0,190506.5587537817
juiz_de_fora_MG,juiz de fora,MG,468,-21.755703329742776,-43.3612448563444,22.13403846153846,469.77563341988434,FC_15025_sao_jose_do_rio_preto_SP,15025,sao jose do rio preto,SP,1998,-20.80670693101839,-49.389164535249215,18.31210710710711,691.0924322160539,4717,0.4235743057027772,633.3722403181864,1.0,296418.20846891124
juiz_de_fora_MG,juiz de fora,MG,468,-21.755703329742776,-43.3612448563444,22.13403846153846,469.77563341988434,FC_9015_santo_andre_SP,9015,santo andre,SP,1710,-23.659363636440848,-46.52318334052176,14.45021052631579,609.9358286132139,4037,0.4235818677235571,387.2779031985213,1.0,181246.05869690797
juiz_de_fora_MG,juiz de fora,MG,468,-21.755703329742776,-43.3612448563444,22.13403846153846,469.77563341988434,FC_13405_piracicaba_SP,13405,piracicaba,SP,1562,-22.708702100662567,-47.66470085247146,16.162823303457106,402.10211782744506,3688,0.4235357917570499,455.42556914789037,1.0,213139.1663612127
juiz_de_fora_MG,juiz de fora,MG,468,-21.755703329742776,-43.3612448563444,22.13403846153846,469.77563341988434,FC_4782_sao_paulo_SP,4782,sao paulo,SP,1485,-23.69101304628181,-46.703810106207634,16.803589225589224,488.1816857357616,3506,0.4235596120935539,404.7442820018309,1.0,189420.32397685686
juiz_de_fora_MG,juiz de fora,MG,468,-21.755703329742776,-43.3612448563444,22.13403846153846,469.77563341988434,FC_8577_itaquaquecetuba_SP,8577,itaquaquecetuba,SP,1441,-23.48611145466222,-46.36672076531711,37.76691880638445,547.6086022236634,3402,0.4235743680188125,363.5530734827387,1.0,170142.8383899217
juiz_de_fora_MG,juiz de fora,MG,468,-21.755703329742776,-43.3612448563444,22.13403846153846,469.77563341988434,FC_3204_sao_paulo_SP,3204,sao paulo,SP,1415,-23.59549859480055,-46.55972696351708,23.732226148409893,569.47353801252,3341,0.4235258904519605,386.6839087495399,1.0,180968.06929478468
juiz_de_fora_MG,juiz de fora,MG,468,-21.755703329742776,-43.3612448563444,22.13403846153846,469.77563341988434,FC_4160_sao_paulo_SP,4160,sao paulo,SP,1210,-23.62547545562188,-46.61200044104113,14.520239669421484,666.5871107099737,2857,0.42352117605880296,392.9664484655583,1.0,183908.2978818813
juiz_de_fora_MG,juiz de fora,MG,468,-21.755703329742776,-43.3612448563444,22.13403846153846,469.77563341988434,FC_13232_campo_limpo_paulista_SP,13232,campo limpo paulista,SP,1177,-23.21174633273221,-46.762875138051314,19.43606627017842,508.7518574552949,2779,0.4235336451961137,385.1535635102663,1.0,180251.86772280463
juiz_de_fora_MG,juiz de fora,MG,468,-21.755703329742776,-43.3612448563444,22.13403846153846,469.77563341988434,FC_3426_sao_paulo_SP,3426,sao paulo,SP,1152,-23.552336441109286,-46.53686856423848,17.834270833333335,622.6592477369251,2720,0.4235294117647059,382.2098937619998,1.0,178874.2302806159
juiz_de_fora_MG,juiz de fora,MG,468,-21.755703329742776,-43.3612448563444,22.13403846153846,469.77563341988434,FC_14840_guariba_SP,14840,guariba,SP,1147,-21.36350170979939,-48.22960077888057,17.43456843940715,610.5904937641259,2708,0.42355982274741505,505.325780042775,1.0,236492.4650600187
mogi_das_cruzes_SP,mogi das cruzes,SP,435,-23.527751700628755,-46.19044076605298,14.879080459770114,228.11632136864628,FC_14940_ibitinga_SP,14940,ibitinga,SP,7595,-21.75732063771276,-48.82974353343716,17.77237788018433,539.5559178849824,17934,0.42349726775956287,334.82511035374523,1.0,145648.92300387917
mogi_das_cruzes_SP,mogi das cruzes,SP,435,-23.527751700628755,-46.19044076605298,14.879080459770114,228.11632136864628,FC_5849_sao_paulo_SP,5849,sao paulo,SP,2004,-23.65236617784017,-46.75575337195746,13.733612774451098,600.1033323270341,4732,0.4234995773457312,59.24983497977345,1.0,25773.678216201453
mogi_das_cruzes_SP,mogi das cruzes,SP,435,-23.527751700628755,-46.19044076605298,14.879080459770114,228.11632136864628,FC_15025_sao_jose_do_rio_preto_SP,15025,sao jose do rio preto,SP,1998,-20.80670693101839,-49.389164535249215,18.31210710710711,691.0924322160539,4717,0.4235743057027772,447.2259524589932,1.0,194543.28931966206
mogi_das_cruzes_SP,mogi das cruzes,SP,435,-23.527751700628755,-46.19044076605298,14.879080459770114,228.11632136864628,FC_9015_santo_andre_SP,9015,santo andre,SP,1710,-23.659363636440848,-46.52318334052176,14.45021052631579,609.9358286132139,4037,0.4235818677235571,36.92987610119103,1.0,16064.496104018097
mogi_das_cruzes_SP,mogi das cruzes,SP,435,-23.527751700628755,-46.19044076605298,14.879080459770114,228.11632136864628,FC_13405_piracicaba_SP,13405,piracicaba,SP,1562,-22.708702100662567,-47.66470085247146,16.162823303457106,402.10211782744506,3688,0.4235357917570499,176.13666679147678,1.0,76619.4500542924
mogi_das_cruzes_SP,mogi das cruzes,SP,435,-23.527751700628755,-46.19044076605298,14.879080459770114,228.11632136864628,FC_4782_sao_paulo_SP,4782,sao paulo,SP,1485,-23.69101304628181,-46.703810106207634,16.803589225589224,488.1816857357616,3506,0.4235596120935539,55.366687311358696,1.0,24084.508980441035
mogi_das_cruzes_SP,mogi das cruzes,SP,435,-23.527751700628755,-46.19044076605298,14.879080459770114,228.11632136864628,FC_8577_itaquaquecetuba_SP,8577,itaquaquecetuba,SP,1441,-23.48611145466222,-46.36672076531711,37.76691880638445,547.6086022236634,3402,0.4235743680188125,18.561527820824725,1.0,8074.264602058755
mogi_das_cruzes_SP,mogi das cruzes,SP,435,-23.527751700628755,-46.19044076605298,14.879080459770114,228.11632136864628,FC_3204_sao_paulo_SP,3204,sao paulo,SP,1415,-23.59549859480055,-46.55972696351708,23.732226148409893,569.47353801252,3341,0.4235258904519605,38.38579741626105,1.0,16697.821876073558
mogi_das_cruzes_SP,mogi das cruzes,SP,435,-23.527751700628755,-46.19044076605298,14.879080459770114,228.11632136864628,FC_4160_sao_paulo_SP,4160,sao paulo,SP,1210,-23.62547545562188,-46.61200044104113,14.520239669421484,666.5871107099737,2857,0.42352117605880296,44.3153114719155,1.0,19277.160490283244
mogi_das_cruzes_SP,mogi das cruzes,SP,435,-23.527751700628755,-46.19044076605298,14.879080459770114,228.11632136864628,FC_13232_campo_limpo_paulista_SP,13232,campo limpo paulista,SP,1177,-23.21174633273221,-46.762875138051314,19.43606627017842,508.7518574552949,2779,0.4235336451961137,68.1817267198844,1.0,29659.05112314971
mogi_das_cruzes_SP,mogi das cruzes,SP,435,-23.527751700628755,-46.19044076605298,14.879080459770114,228.11632136864628,FC_3426_sao_paulo_SP,3426,sao paulo,SP,1152,-23.552336441109286,-46.53686856423848,17.834270833333335,622.6592477369251,2720,0.4235294117647059,35.42097809947763,1.0,15408.125473272768
mogi_das_cruzes_SP,mogi das cruzes,SP,435,-23.527751700628755,-46.19044076605298,14.879080459770114,228.11632136864628,FC_14840_guariba_SP,14840,guariba,SP,1147,-21.36350170979939,-48.22960077888057,17.43456843940715,610.5904937641259,2708,0.42355982274741505,319.0983563411808,1.0,138807.78500841366
sao_goncalo_RJ,sao goncalo,RJ,421,-22.82949712925306,-43.02709912169263,20.3012351543943,529.4060240167545,FC_14940_ibitinga_SP,14940,ibitinga,SP,7595,-21.75732063771276,-48.82974353343716,17.77237788018433,539.5559178849824,17934,0.42349726775956287,608.7352030365782,1.0,256277.52047839944
sao_goncalo_RJ,sao goncalo,RJ,421,-22.82949712925306,-43.02709912169263,20.3012351543943,529.4060240167545,FC_5849_sao_paulo_SP,5849,sao paulo,SP,2004,-23.65236617784017,-46.75575337195746,13.733612774451098,600.1033323270341,4732,0.4234995773457312,391.7823728077505,1.0,164940.37895206295
sao_goncalo_RJ,sao goncalo,RJ,421,-22.82949712925306,-43.02709912169263,20.3012351543943,529.4060240167545,FC_15025_sao_jose_do_rio_preto_SP,15025,sao jose do rio preto,SP,1998,-20.80670693101839,-49.389164535249215,18.31210710710711,691.0924322160539,4717,0.4235743057027772,694.1112835309397,1.0,292220.8503665256
sao_goncalo_RJ,sao goncalo,RJ,421,-22.82949712925306,-43.02709912169263,20.3012351543943,529.4060240167545,FC_9015_santo_andre_SP,9015,santo andre,SP,1710,-23.659363636440848,-46.52318334052176,14.45021052631579,609.9358286132139,4037,0.4235818677235571,368.90593249516036,1.0,155309.3975804625
sao_goncalo_RJ,sao goncalo,RJ,421,-22.82949712925306,-43.02709912169263,20.3012351543943,529.4060240167545,FC_13405_piracicaba_SP,13405,piracicaba,SP,1562,-22.708702100662567,-47.66470085247146,16.162823303457106,402.10211782744506,3688,0.4235357917570499,475.6621459315686,1.0,200253.76343719038
sao_goncalo_RJ,sao goncalo,RJ,421,-22.82949712925306,-43.02709912169263,20.3012351543943,529.4060240167545,FC_4782_sao_paulo_SP,4782,sao paulo,SP,1485,-23.69101304628181,-46.703810106207634,16.803589225589224,488.1816857357616,3506,0.4235596120935539,387.6107424394229,1.0,163184.12256699704
sao_goncalo_RJ,sao goncalo,RJ,421,-22.82949712925306,-43.02709912169263,20.3012351543943,529.4060240167545,FC_8577_itaquaquecetuba_SP,8577,itaquaquecetuba,SP,1441,-23.48611145466222,-46.36672076531711,37.76691880638445,547.6086022236634,3402,0.4235743680188125,349.1368136839316,1.0,146986.5985609352
sao_goncalo_RJ,sao goncalo,RJ,421,-22.82949712925306,-43.02709912169263,20.3012351543943,529.4060240167545,FC_3204_sao_paulo_SP,3204,sao paulo,SP,1415,-23.59549859480055,-46.55972696351708,23.732226148409893,569.47353801252,3341,0.4235258904519605,370.9112303284267,1.0,156153.62796826765
sao_goncalo_RJ,sao goncalo,RJ,421,-22.82949712925306,-43.02709912169263,20.3012351543943,529.4060240167545,FC_4160_sao_paulo_SP,4160,sao paulo,SP,1210,-23.62547545562188,-46.61200044104113,14.520239669421484,666.5871107099737,2857,0.42352117605880296,376.8405818369286,1.0,158649.88495334695
sao_goncalo_RJ,sao goncalo,RJ,421,-22.82949712925306,-43.02709912169263,20.3012351543943,529.4060240167545,FC_13232_campo_limpo_paulista_SP,13232,campo limpo paulista,SP,1177,-23.21174633273221,-46.762875138051314,19.43606627017842,508.7518574552949,2779,0.4235336451961137,384.6627214970303,1.0,161943.00575024975
sao_goncalo_RJ,sao goncalo,RJ,421,-22.82949712925306,-43.02709912169263,20.3012351543943,529.4060240167545,FC_3426_sao_paulo_SP,3426,sao paulo,SP,1152,-23.552336441109286,-46.53686856423848,17.834270833333335,622.6592477369251,2720,0.4235294117647059,367.61596543195486,1.0,154766.321446853
sao_goncalo_RJ,sao goncalo,RJ,421,-22.82949712925306,-43.02709912169263,20.3012351543943,529.4060240167545,FC_14840_guariba_SP,14840,guariba,SP,1147,-21.36350170979939,-48.22960077888057,17.43456843940715,610.5904937641259,2708,0.42355982274741505,560.1963695035988,1.0,235842.6715610151
vitoria_ES,vitoria,ES,417,-20.28815532367793,-40.29945292095655,22.40357314148681,812.1396607980214,FC_14940_ibitinga_SP,14940,ibitinga,SP,7595,-21.75732063771276,-48.82974353343716,17.77237788018433,539.5559178849824,17934,0.42349726775956287,900.1963483792704,1.0,375381.87727415573
vitoria_ES,vitoria,ES,417,-20.28815532367793,-40.29945292095655,22.40357314148681,812.1396607980214,FC_5849_sao_paulo_SP,5849,sao paulo,SP,2004,-23.65236617784017,-46.75575337195746,13.733612774451098,600.1033323270341,4732,0.4234995773457312,763.5020352186406,1.0,318380.3486861731
vitoria_ES,vitoria,ES,417,-20.28815532367793,-40.29945292095655,22.40357314148681,812.1396607980214,FC_15025_sao_jose_do_rio_preto_SP,15025,sao jose do rio preto,SP,1998,-20.80670693101839,-49.389164535249215,18.31210710710711,691.0924322160539,4717,0.4235743057027772,948.0570955691267,1.0,395339.80885232583
vitoria_ES,vitoria,ES,417,-20.28815532367793,-40.29945292095655,22.40357314148681,812.1396607980214,FC_9015_santo_andre_SP,9015,santo andre,SP,1710,-23.659363636440848,-46.52318334052176,14.45021052631579,609.9358286132139,4037,0.4235818677235571,743.0752020700352,1.0,309862.3592632047
vitoria_ES,vitoria,ES,417,-20.28815532367793,-40.29945292095655,22.40357314148681,812.1396607980214,FC_13405_piracicaba_SP,13405,piracicaba,SP,1562,-22.708702100662567,-47.66470085247146,16.162823303457106,402.10211782744506,3688,0.4235357917570499,807.9930994360793,1.0,336933.1224648451
vitoria_ES,vitoria,ES,417,-20.28815532367793,-40.29945292095655,22.40357314148681,812.1396607980214,FC_4782_sao_paulo_SP,4782,sao paulo,SP,1485,-23.69101304628181,-46.703810106207634,16.803589225589224,488.1816857357616,3506,0.4235596120935539,760.8858793747507,1.0,317289.41169927106
vitoria_ES,vitoria,ES,417,-20.28815532367793,-40.29945292095655,22.40357314148681,812.1396607980214,FC_8577_itaquaquecetuba_SP,8577,itaquaquecetuba,SP,1441,-23.48611145466222,-46.36672076531711,37.76691880638445,547.6086022236634,3402,0.4235743680188125,719.8255006874485,1.0,300167.23378666607
vitoria_ES,vitoria,ES,417,-20.28815532367793,-40.29945292095655,22.40357314148681,812.1396607980214,FC_3204_sao_paulo_SP,3204,sao paulo,SP,1415,-23.59549859480055,-46.55972696351708,23.732226148409893,569.47353801252,3341,0.4235258904519605,742.9191482122393,1.0,309797.2848045038
vitoria_ES,vitoria,ES,417,-20.28815532367793,-40.29945292095655,22.40357314148681,812.1396607980214,FC_4160_sao_paulo_SP,4160,sao paulo,SP,1210,-23.62547545562188,-46.61200044104113,14.520239669421484,666.5871107099737,2857,0.42352117605880296,749.1900006558964,1.0,312412.23027350876
vitoria_ES,vitoria,ES,417,-20.28815532367793,-40.29945292095655,22.40357314148681,812.1396607980214,FC_13232_campo_limpo_paulista_SP,13232,campo limpo paulista,SP,1177,-23.21174633273221,-46.762875138051314,19.43606627017842,508.7518574552949,2779,0.4235336451961137,742.3464266505488,1.0,309558.4599132788
vitoria_ES,vitoria,ES,417,-20.28815532367793,-40.29945292095655,22.40357314148681,812.1396607980214,FC_3426_sao_paulo_SP,3426,sao paulo,SP,1152,-23.552336441109286,-46.53686856423848,17.834270833333335,622.6592477369251,2720,0.4235294117647059,738.5899100323031,1.0,307991.9924834704
vitoria_ES,vitoria,ES,417,-20.28815532367793,-40.29945292095655,22.40357314148681,812.1396607980214,FC_14840_guariba_SP,14840,guariba,SP,1147,-21.36350170979939,-48.22960077888057,17.43456843940715,610.5904937641259,2708,0.42355982274741505,832.709881901746,1.0,347240.0207530281
